root_path,subfolder,image_name,predicted_text,prompt_used
/mnt/abka03/Projects/xl-vlms/data/train,orange,120447.jpg,"Bowl, oranges, bread, cutting board, towels, fabric, wood, white, orange, brown, gray, red, pattern, texture, smooth, rough, woven.","Identify all visible objects, items, textures, colors, materials, and notable visual patterns in the given image. Output only a single-word, comma-separated list. Do not include explanations, sentences, or any extra text—just the detected elements."
/mnt/abka03/Projects/xl-vlms/data/train,orange,454258.jpg,"Bowl, oranges, apples, plastic, smooth, textured, orange, red, yellow, brown, checkered, tile, wooden, patterned.","Identify all visible objects, items, textures, colors, materials, and notable visual patterns in the given image. Output only a single-word, comma-separated list. Do not include explanations, sentences, or any extra text—just the detected elements."
/mnt/abka03/Projects/xl-vlms/data/train,orange,151694.jpg,"Oranges, leaves, branches, sky, blue, green, orange, textured, smooth, organic, sunlight, bokeh.","Identify all visible objects, items, textures, colors, materials, and notable visual patterns in the given image. Output only a single-word, comma-separated list. Do not include explanations, sentences, or any extra text—just the detected elements."
/mnt/abka03/Projects/xl-vlms/data/train,orange,119923.jpg,"Tangerines, glass, juice, bowl, table, tablecloth, wood, shadows, orange, yellow, white, stripes, texture, pattern, sunlight, room, furniture.","Identify all visible objects, items, textures, colors, materials, and notable visual patterns in the given image. Output only a single-word, comma-separated list. Do not include explanations, sentences, or any extra text—just the detected elements."
/mnt/abka03/Projects/xl-vlms/data/train,orange,104568.jpg,"Apples, oranges, grapefruit, persimmons, cabbage, kale, avocado, sweet potatoes, stove, metal, plastic, smooth, rough, patterned, round, oval, oblong, vibrant, muted, glossy, matte, organic, artificial.","Identify all visible objects, items, textures, colors, materials, and notable visual patterns in the given image. Output only a single-word, comma-separated list. Do not include explanations, sentences, or any extra text—just the detected elements."
/mnt/abka03/Projects/xl-vlms/data/train,orange,140866.jpg,"Bowl, sugar, baking pan, bananas, orange, chocolate, eggs, butter, flour, plate, fabric, checkered, brown, white, yellow, orange, dark brown, smooth, granular, solid, patterned.","Identify all visible objects, items, textures, colors, materials, and notable visual patterns in the given image. Output only a single-word, comma-separated list. Do not include explanations, sentences, or any extra text—just the detected elements."
/mnt/abka03/Projects/xl-vlms/data/train,orange,392850.jpg,"Oranges, apples, banana, lemons, plums, ginger, cutting board, knife, peeler, red, wooden, plastic, smooth, textured, round, oval, oblong, vibrant, muted, horizontal, diagonal, scattered, grouped, translucent, opaque.","Identify all visible objects, items, textures, colors, materials, and notable visual patterns in the given image. Output only a single-word, comma-separated list. Do not include explanations, sentences, or any extra text—just the detected elements."
/mnt/abka03/Projects/xl-vlms/data/train,orange,147122.jpg,"Kitchen,cabinets,countertop,sink,faucet,appliances,dishes,utensils,plants,bags,calendar,decorations,tile,wood,metal,plastic,fabric,pattern,beige,white,brown,red,blue,green,yellow,floral,geometric,smooth,textured,glossy,matte.","Identify all visible objects, items, textures, colors, materials, and notable visual patterns in the given image. Output only a single-word, comma-separated list. Do not include explanations, sentences, or any extra text—just the detected elements."
/mnt/abka03/Projects/xl-vlms/data/train,orange,38033.jpg,"Grapes, orange, mango, strawberries, pineapple, bread, pretzels, plastic, wood, checkered, smooth, bumpy, round, oval, rectangular, translucent, opaque, yellow, green, orange, brown, beige, white, pattern.","Identify all visible objects, items, textures, colors, materials, and notable visual patterns in the given image. Output only a single-word, comma-separated list. Do not include explanations, sentences, or any extra text—just the detected elements."
/mnt/abka03/Projects/xl-vlms/data/train,orange,147618.jpg,"Fruits,pineapple,bananas,oranges,apples,pears,grapes,limes,peaches,textures,smooth,rough,shiny,matte,yellow,orange,green,red,brown,patterns,grid,mosaic.","Identify all visible objects, items, textures, colors, materials, and notable visual patterns in the given image. Output only a single-word, comma-separated list. Do not include explanations, sentences, or any extra text—just the detected elements."
/mnt/abka03/Projects/xl-vlms/data/train,orange,457335.jpg,"Plate, food, rice, fish, lemon, dill, broccoli, white, green, brown, glossy, textured, rectangular, square, patterned.","Identify all visible objects, items, textures, colors, materials, and notable visual patterns in the given image. Output only a single-word, comma-separated list. Do not include explanations, sentences, or any extra text—just the detected elements."
/mnt/abka03/Projects/xl-vlms/data/train,orange,28287.jpg,"Plate, food, chicken, sauce, vegetables, carrots, zucchini, peppers, white, orange, green, brown, glossy, smooth, rectangular, horizontal, linear, patterned.","Identify all visible objects, items, textures, colors, materials, and notable visual patterns in the given image. Output only a single-word, comma-separated list. Do not include explanations, sentences, or any extra text—just the detected elements."
/mnt/abka03/Projects/xl-vlms/data/train,orange,670.jpg,"Oranges, apples, boxes, cardboard, fruit, brown, orange, red, green, white, texture, pattern, rows, display, produce, supermarket, grocery.","Identify all visible objects, items, textures, colors, materials, and notable visual patterns in the given image. Output only a single-word, comma-separated list. Do not include explanations, sentences, or any extra text—just the detected elements."
/mnt/abka03/Projects/xl-vlms/data/train,orange,510063.jpg,"Woman, man, kitchen, sink, stove, cabinets, refrigerator, microwave, television, table, chairs, sofa, cushions, curtains, window, door, fruit, magazine, gray, brown, white, black, silver, plastic, fabric, wood, metal, striped, smooth, textured, patterned.","Identify all visible objects, items, textures, colors, materials, and notable visual patterns in the given image. Output only a single-word, comma-separated list. Do not include explanations, sentences, or any extra text—just the detected elements."
/mnt/abka03/Projects/xl-vlms/data/train,orange,234614.jpg,"Oranges, bananas, scallions, peppers, plastic, mesh, silver, smooth, bumpy, yellow, green, orange, red, white, patterned, basket, food.","Identify all visible objects, items, textures, colors, materials, and notable visual patterns in the given image. Output only a single-word, comma-separated list. Do not include explanations, sentences, or any extra text—just the detected elements."
/mnt/abka03/Projects/xl-vlms/data/train,orange,388217.jpg,"Pumpkins, squash, statue, fence, sky, trees, grass, orange, brown, yellow, white, textured, smooth, patterned, organic, artificial, rural, outdoor, sunset.","Identify all visible objects, items, textures, colors, materials, and notable visual patterns in the given image. Output only a single-word, comma-separated list. Do not include explanations, sentences, or any extra text—just the detected elements."
/mnt/abka03/Projects/xl-vlms/data/train,orange,107167.jpg,"Blender, appliance, glass, plastic, metal, white, silver, beige, tiles, pattern, fruit, liquid, cord, countertop, wall, ceramic, floral, checkered.","Identify all visible objects, items, textures, colors, materials, and notable visual patterns in the given image. Output only a single-word, comma-separated list. Do not include explanations, sentences, or any extra text—just the detected elements."
/mnt/abka03/Projects/xl-vlms/data/train,orange,367630.jpg,"Bunkbeds, pillows, blankets, sheets, pajamas, shorts, shirt, book, oranges, camera, clothes, wood, fabric, stripes, shadows, light, white, gray, blue, red, brown, patterned, smooth, rough, soft, hard.","Identify all visible objects, items, textures, colors, materials, and notable visual patterns in the given image. Output only a single-word, comma-separated list. Do not include explanations, sentences, or any extra text—just the detected elements."
/mnt/abka03/Projects/xl-vlms/data/train,orange,546854.jpg,"Oranges, juice, pitcher, glass, bowl, thyme, citrus, fruit, liquid, table, blue, orange, yellow, transparent, smooth, textured, pattern, natural, food, drink, kitchenware, tableware.","Identify all visible objects, items, textures, colors, materials, and notable visual patterns in the given image. Output only a single-word, comma-separated list. Do not include explanations, sentences, or any extra text—just the detected elements."
/mnt/abka03/Projects/xl-vlms/data/train,orange,90724.jpg,"Shoppingcart, tomatoes, broccoli, bananas, oranges, lemons, parsley, onions, plastic, metal, grocery, aisle, shelves, blurred, horizontal, vertical, round, bumpy, smooth, green, yellow, orange, red, brown, white, patterned.","Identify all visible objects, items, textures, colors, materials, and notable visual patterns in the given image. Output only a single-word, comma-separated list. Do not include explanations, sentences, or any extra text—just the detected elements."
/mnt/abka03/Projects/xl-vlms/data/train,orange,71214.jpg,"Oranges, pumpkin, black, red, bumpy, smooth, plastic, stripes, pattern, shadows, highlights, round, oval.","Identify all visible objects, items, textures, colors, materials, and notable visual patterns in the given image. Output only a single-word, comma-separated list. Do not include explanations, sentences, or any extra text—just the detected elements."
/mnt/abka03/Projects/xl-vlms/data/train,orange,407566.jpg,"Kitchen,island,countertop,cabinets,sink,faucet,stove,oven,window,blinds,tile,wood,sofa,chairs,table,lamp,wall,ceiling,floor,clock,door,mirror,plants,pattern,texture,beige,black,gray,white,brown,silver,woodgrain,smooth,glossy,matte.","Identify all visible objects, items, textures, colors, materials, and notable visual patterns in the given image. Output only a single-word, comma-separated list. Do not include explanations, sentences, or any extra text—just the detected elements."
/mnt/abka03/Projects/xl-vlms/data/train,orange,107734.jpg,"Bananas, oranges, bowl, plastic, white, yellow, orange, brown, green, countertop, sink, faucet, bottle, lid, label, pattern, smooth, textured, curved, round, rectangular, glossy, matte.","Identify all visible objects, items, textures, colors, materials, and notable visual patterns in the given image. Output only a single-word, comma-separated list. Do not include explanations, sentences, or any extra text—just the detected elements."
/mnt/abka03/Projects/xl-vlms/data/train,orange,295049.jpg,"Envelopes, box, fruit, apple, cherry, grape, orange, strawberry, green, red, purple, yellow, brown, white, plastic, glossy, smooth, patterned, text, logo, barcode.","Identify all visible objects, items, textures, colors, materials, and notable visual patterns in the given image. Output only a single-word, comma-separated list. Do not include explanations, sentences, or any extra text—just the detected elements."
/mnt/abka03/Projects/xl-vlms/data/train,orange,210077.jpg,"Woman, refrigerator, kitchen, counter, cabinets, bottles, bags, microwave, stools, lights, wall, door, table, plastic, wood, metal, fabric, beige, white, brown, black, green, red, patterned, smooth, textured.","Identify all visible objects, items, textures, colors, materials, and notable visual patterns in the given image. Output only a single-word, comma-separated list. Do not include explanations, sentences, or any extra text—just the detected elements."
/mnt/abka03/Projects/xl-vlms/data/train,orange,39080.jpg,"Woman, table, chairs, tablecloth, plates, bowls, cups, glasses, juice, fruit, pitcher, napkins, mountains, trees, grass, dirt, fabric, wood, ceramic, glass, plastic, red, white, green, brown, orange, yellow, blue, patterned, striped, smooth, rough, natural, outdoor, daylight.","Identify all visible objects, items, textures, colors, materials, and notable visual patterns in the given image. Output only a single-word, comma-separated list. Do not include explanations, sentences, or any extra text—just the detected elements."
/mnt/abka03/Projects/xl-vlms/data/train,orange,202782.jpg,"Oranges, glasses, soda, juice, box, table, people, shirt, shorts, chair, bag, can, water, wood, glass, plastic, fabric, pattern, light, floor, wall, door, cabinet.","Identify all visible objects, items, textures, colors, materials, and notable visual patterns in the given image. Output only a single-word, comma-separated list. Do not include explanations, sentences, or any extra text—just the detected elements."
/mnt/abka03/Projects/xl-vlms/data/train,orange,548936.jpg,"Girl, phone, jeans, t-shirt, plastic, fruit, oranges, bananas, vegetables, basket, plastic bags, blue, white, gray, concrete, fabric, pattern, texture, light, shadow.","Identify all visible objects, items, textures, colors, materials, and notable visual patterns in the given image. Output only a single-word, comma-separated list. Do not include explanations, sentences, or any extra text—just the detected elements."
/mnt/abka03/Projects/xl-vlms/data/train,orange,449073.jpg,"Oranges, fruit, wooden, bumpy, orange, yellow, brown, pile, crate, shadows, highlights, round, citrus.","Identify all visible objects, items, textures, colors, materials, and notable visual patterns in the given image. Output only a single-word, comma-separated list. Do not include explanations, sentences, or any extra text—just the detected elements."
/mnt/abka03/Projects/xl-vlms/data/train,orange,354333.jpg,"Orange, hand, flesh, pith, segments, skin, wood, grain, texture, brown, orange, white, smooth, rough, pattern, diagonal, vertical, light, shadow.","Identify all visible objects, items, textures, colors, materials, and notable visual patterns in the given image. Output only a single-word, comma-separated list. Do not include explanations, sentences, or any extra text—just the detected elements."
/mnt/abka03/Projects/xl-vlms/data/train,bird,382558.jpg,"Flamingo, water, bowl, feathers, pink, orange, brown, dirt, shadow, bird, ground, texture, pattern, smooth, rough.","Identify all visible objects, items, textures, colors, materials, and notable visual patterns in the given image. Output only a single-word, comma-separated list. Do not include explanations, sentences, or any extra text—just the detected elements."
/mnt/abka03/Projects/xl-vlms/data/train,bird,158254.jpg,"Birds,mud,grass,water,brown,green,texture,pattern,horizontal","Identify all visible objects, items, textures, colors, materials, and notable visual patterns in the given image. Output only a single-word, comma-separated list. Do not include explanations, sentences, or any extra text—just the detected elements."
/mnt/abka03/Projects/xl-vlms/data/train,bird,532568.jpg,"Trafficlights, wires, pole, sign, car, sky, clouds, buildings, lights, road, asphalt, metal, plastic, glass, red, yellow, blue, gray, white, black, horizontal, vertical, diagonal, linear, organic, smooth, rough, illuminated, dusk.","Identify all visible objects, items, textures, colors, materials, and notable visual patterns in the given image. Output only a single-word, comma-separated list. Do not include explanations, sentences, or any extra text—just the detected elements."
/mnt/abka03/Projects/xl-vlms/data/train,bird,346678.jpg,"Bear, water, rocks, seagull, fur, brown, white, gray, ripples, waves, wet, rough, smooth, textured, organic, natural, sunlight.","Identify all visible objects, items, textures, colors, materials, and notable visual patterns in the given image. Output only a single-word, comma-separated list. Do not include explanations, sentences, or any extra text—just the detected elements."
/mnt/abka03/Projects/xl-vlms/data/train,bird,446033.jpg,"Eagle, clock, building, glass, metal, concrete, sky, brown, white, black, gray, texture, pattern, vertical, horizontal, angular, smooth, rough.","Identify all visible objects, items, textures, colors, materials, and notable visual patterns in the given image. Output only a single-word, comma-separated list. Do not include explanations, sentences, or any extra text—just the detected elements."
/mnt/abka03/Projects/xl-vlms/data/train,bird,300579.jpg,"Bird,window,frame,glass,metal,texture,pattern,black,white,monochrome,horizontal,vertical,light,shadow,reflection,dust,cracks.","Identify all visible objects, items, textures, colors, materials, and notable visual patterns in the given image. Output only a single-word, comma-separated list. Do not include explanations, sentences, or any extra text—just the detected elements."
/mnt/abka03/Projects/xl-vlms/data/train,bird,173071.jpg,"Coyote, feathers, fur, teeth, claws, brown, tan, white, feathers, soft, rough, animal, prey, dirt, sand, blurred.","Identify all visible objects, items, textures, colors, materials, and notable visual patterns in the given image. Output only a single-word, comma-separated list. Do not include explanations, sentences, or any extra text—just the detected elements."
/mnt/abka03/Projects/xl-vlms/data/train,bird,197191.jpg,"Pavingstones,birds,grass,stone,gray,brown,rough,pattern,rectangular,outdoor,ground","Identify all visible objects, items, textures, colors, materials, and notable visual patterns in the given image. Output only a single-word, comma-separated list. Do not include explanations, sentences, or any extra text—just the detected elements."
/mnt/abka03/Projects/xl-vlms/data/train,bird,176195.jpg,"Cows, pigeons, buildings, people, pavement, water, red, brown, gray, white, brick, wood, stone, feathers, shadows, crowd, architecture, courtyard, sky.","Identify all visible objects, items, textures, colors, materials, and notable visual patterns in the given image. Output only a single-word, comma-separated list. Do not include explanations, sentences, or any extra text—just the detected elements."
/mnt/abka03/Projects/xl-vlms/data/train,bird,227878.jpg,"Hummingbird, ornament, glass, mosaic, wings, beak, perch, aquarium, fish, plants, gravel, wood, cat, chair, fabric, yellow, brown, black, white, stripes, pattern, texture, smooth, shiny, rough, glossy, matte.","Identify all visible objects, items, textures, colors, materials, and notable visual patterns in the given image. Output only a single-word, comma-separated list. Do not include explanations, sentences, or any extra text—just the detected elements."
/mnt/abka03/Projects/xl-vlms/data/train,bird,339535.jpg,"Crows, grass, dry, brown, black, feathers, texture, pattern, ground, vegetation, natural, outdoor.","Identify all visible objects, items, textures, colors, materials, and notable visual patterns in the given image. Output only a single-word, comma-separated list. Do not include explanations, sentences, or any extra text—just the detected elements."
/mnt/abka03/Projects/xl-vlms/data/train,bird,218196.jpg,"People, kites, pier, water, buildings, clock tower, sky, clouds, railing, concrete, metal, fabric, orange, red, gray, white, blue, textured, smooth, horizontal, vertical, diagonal.","Identify all visible objects, items, textures, colors, materials, and notable visual patterns in the given image. Output only a single-word, comma-separated list. Do not include explanations, sentences, or any extra text—just the detected elements."
/mnt/abka03/Projects/xl-vlms/data/train,bird,84495.jpg,"Elephants,grass,sky,clouds,trees,dirt,white,gray,brown,green,texture,pattern,horizon,open,wildlife,mammal,trunks,tusks,legs,body,mane,shadows,light,darkness,blue,white,gray,green,brown.","Identify all visible objects, items, textures, colors, materials, and notable visual patterns in the given image. Output only a single-word, comma-separated list. Do not include explanations, sentences, or any extra text—just the detected elements."
/mnt/abka03/Projects/xl-vlms/data/train,bird,213536.jpg,"Crows, rock, moss, gray, black, feathers, texture, pattern, white, sky, stone.","Identify all visible objects, items, textures, colors, materials, and notable visual patterns in the given image. Output only a single-word, comma-separated list. Do not include explanations, sentences, or any extra text—just the detected elements."
/mnt/abka03/Projects/xl-vlms/data/train,bird,423975.jpg,"Rooster, hen, grass, stone, wood, red, brown, black, white, feathers, blur, outdoor, daylight, texture, pattern.","Identify all visible objects, items, textures, colors, materials, and notable visual patterns in the given image. Output only a single-word, comma-separated list. Do not include explanations, sentences, or any extra text—just the detected elements."
/mnt/abka03/Projects/xl-vlms/data/train,bird,442431.jpg,"Water,benches,lampposts,birds,trees,grass,sky,concrete,metal,ripples,shadows,monochrome,horizontal,stillness,flood,urban,nature.","Identify all visible objects, items, textures, colors, materials, and notable visual patterns in the given image. Output only a single-word, comma-separated list. Do not include explanations, sentences, or any extra text—just the detected elements."
/mnt/abka03/Projects/xl-vlms/data/train,bird,370741.jpg,"Birds, log, water, rocks, feathers, scales, brown, gray, blue, black, white, wood, rough, smooth, striped, mottled, glossy, wet, organic.","Identify all visible objects, items, textures, colors, materials, and notable visual patterns in the given image. Output only a single-word, comma-separated list. Do not include explanations, sentences, or any extra text—just the detected elements."
/mnt/abka03/Projects/xl-vlms/data/train,bird,205826.jpg,"Eagle, seagulls, rocks, water, buildings, sand, mountains, sky, blue, white, gray, brown, feathers, waves, coastline, urban, natural, horizontal, scattered, textured, smooth.","Identify all visible objects, items, textures, colors, materials, and notable visual patterns in the given image. Output only a single-word, comma-separated list. Do not include explanations, sentences, or any extra text—just the detected elements."
/mnt/abka03/Projects/xl-vlms/data/train,bird,175655.jpg,"Heron, water, plants, leaves, brick, green, brown, gray, blue, reflections, ripples, texture, pattern.","Identify all visible objects, items, textures, colors, materials, and notable visual patterns in the given image. Output only a single-word, comma-separated list. Do not include explanations, sentences, or any extra text—just the detected elements."
/mnt/abka03/Projects/xl-vlms/data/train,bird,160822.jpg,"Airplane,ocean,coastline,mountains,city,clouds,wings,propellers,tail,windows,metal,waves,buildings,terrain,sky,pattern,texture,gray,white,black.","Identify all visible objects, items, textures, colors, materials, and notable visual patterns in the given image. Output only a single-word, comma-separated list. Do not include explanations, sentences, or any extra text—just the detected elements."
/mnt/abka03/Projects/xl-vlms/data/train,bird,312894.jpg,"Seagull,horn,Raytheon,metal,white,grey,brown,water,boats,sand,sky,buildings,trees,waves,texture,pattern,horizontal,vertical,smooth,rough,plastic,glass,wood.","Identify all visible objects, items, textures, colors, materials, and notable visual patterns in the given image. Output only a single-word, comma-separated list. Do not include explanations, sentences, or any extra text—just the detected elements."
/mnt/abka03/Projects/xl-vlms/data/train,bird,513555.jpg,"Sailboat,water,sky,people,sail,mast,hull,deck,windscreen,lifebuoy,dock,buildings,palm trees,white,blue,gray,silver,wood,metal,glass,ripples,shadows,pattern,texture.","Identify all visible objects, items, textures, colors, materials, and notable visual patterns in the given image. Output only a single-word, comma-separated list. Do not include explanations, sentences, or any extra text—just the detected elements."
/mnt/abka03/Projects/xl-vlms/data/train,bird,234057.jpg,"Sheep, lamb, grass, field, bird, green, wool, sky, overcast, texture, pattern, horizontal.","Identify all visible objects, items, textures, colors, materials, and notable visual patterns in the given image. Output only a single-word, comma-separated list. Do not include explanations, sentences, or any extra text—just the detected elements."
/mnt/abka03/Projects/xl-vlms/data/train,bird,564290.jpg,"Bird, beak, feathers, yellow, gray, white, blue, water, smooth, textured, striped, pointed, curved, glossy.","Identify all visible objects, items, textures, colors, materials, and notable visual patterns in the given image. Output only a single-word, comma-separated list. Do not include explanations, sentences, or any extra text—just the detected elements."
/mnt/abka03/Projects/xl-vlms/data/train,bird,481290.jpg,"Giraffe, sky, trees, blue, brown, white, spots, fur, branches, sunlight, shadow, animal, nature, outdoors, vertical, pattern.","Identify all visible objects, items, textures, colors, materials, and notable visual patterns in the given image. Output only a single-word, comma-separated list. Do not include explanations, sentences, or any extra text—just the detected elements."
/mnt/abka03/Projects/xl-vlms/data/train,bird,121384.jpg,"Seagull, water, rocks, seaweed, blue, brown, textured, rippled, organic, horizontal.","Identify all visible objects, items, textures, colors, materials, and notable visual patterns in the given image. Output only a single-word, comma-separated list. Do not include explanations, sentences, or any extra text—just the detected elements."
/mnt/abka03/Projects/xl-vlms/data/train,bird,533039.jpg,"Benches, trashcan, river, grass, trees, cars, buildings, pavement, sky, white, gray, green, brown, metal, concrete, water, branches, leaves, asphalt, pattern, horizontal, vertical, diagonal.","Identify all visible objects, items, textures, colors, materials, and notable visual patterns in the given image. Output only a single-word, comma-separated list. Do not include explanations, sentences, or any extra text—just the detected elements."
/mnt/abka03/Projects/xl-vlms/data/train,bird,482350.jpg,"Cat, bird, floor, tiles, speckled, gray, white, black, brown, fur, feathers, smooth, hard.","Identify all visible objects, items, textures, colors, materials, and notable visual patterns in the given image. Output only a single-word, comma-separated list. Do not include explanations, sentences, or any extra text—just the detected elements."
/mnt/abka03/Projects/xl-vlms/data/train,bird,272899.jpg,"Boy, crows, boat, net, sand, fishing, basket, fruit, yellow, blue, green, brown, white, texture, pattern, horizontal, vertical, diagonal.","Identify all visible objects, items, textures, colors, materials, and notable visual patterns in the given image. Output only a single-word, comma-separated list. Do not include explanations, sentences, or any extra text—just the detected elements."
/mnt/abka03/Projects/xl-vlms/data/train,bird,338468.jpg,"Bird, feathers, beak, eyes, perch, gray, brown, black, texture, pattern, horizontal, vertical, light, shadow.","Identify all visible objects, items, textures, colors, materials, and notable visual patterns in the given image. Output only a single-word, comma-separated list. Do not include explanations, sentences, or any extra text—just the detected elements."
/mnt/abka03/Projects/xl-vlms/data/train,cat,576589.jpg,"Bed, sheets, pillow, blanket, man, cat, lamp, nightstand, drawers, picture frames, wall, carpet, wood, fabric, plaid, red, brown, black, white, beige, plastic, glass, metal, fuzzy, smooth, patterned.","Identify all visible objects, items, textures, colors, materials, and notable visual patterns in the given image. Output only a single-word, comma-separated list. Do not include explanations, sentences, or any extra text—just the detected elements."
/mnt/abka03/Projects/xl-vlms/data/train,cat,296471.jpg,"Refrigerator, cat, tiles, plastic, glass, metal, food, bottles, cans, jars, paper, liquid, stripes, white, brown, green, yellow, orange, blue, gray, beige, smooth, textured.","Identify all visible objects, items, textures, colors, materials, and notable visual patterns in the given image. Output only a single-word, comma-separated list. Do not include explanations, sentences, or any extra text—just the detected elements."
/mnt/abka03/Projects/xl-vlms/data/train,cat,337435.jpg,"Cat, bench, wood, grass, green, brown, stripes, blurry, sunlight, horizontal, texture, soft, smooth, natural.","Identify all visible objects, items, textures, colors, materials, and notable visual patterns in the given image. Output only a single-word, comma-separated list. Do not include explanations, sentences, or any extra text—just the detected elements."
/mnt/abka03/Projects/xl-vlms/data/train,cat,329734.jpg,"Cat, bicycle, blue, red, brown, white, black, metal, rubber, brick, wood, stripes, fur, handlebars, seat, window, pavement, graffiti, texture.","Identify all visible objects, items, textures, colors, materials, and notable visual patterns in the given image. Output only a single-word, comma-separated list. Do not include explanations, sentences, or any extra text—just the detected elements."
/mnt/abka03/Projects/xl-vlms/data/train,cat,143876.jpg,"Cats,window,car,seat,mirror,glass,white,brown,black,pink,red,blue,gray,fur,metal,plastic,pattern,reflection,sky,trees,fairground,lights.","Identify all visible objects, items, textures, colors, materials, and notable visual patterns in the given image. Output only a single-word, comma-separated list. Do not include explanations, sentences, or any extra text—just the detected elements."
/mnt/abka03/Projects/xl-vlms/data/train,cat,476173.jpg,"Cat, dog, bowl, food, tiles, wall, electrical outlet, floor, pattern, beige, brown, white, fur, ceramic, plastic.","Identify all visible objects, items, textures, colors, materials, and notable visual patterns in the given image. Output only a single-word, comma-separated list. Do not include explanations, sentences, or any extra text—just the detected elements."
/mnt/abka03/Projects/xl-vlms/data/train,cat,257576.jpg,"Cats,sink,faucet,countertop,cabinet,towels,tile,window,mirror,cabinets,metal,wood,fabric,gray,white,black,brown,pattern,texture.","Identify all visible objects, items, textures, colors, materials, and notable visual patterns in the given image. Output only a single-word, comma-separated list. Do not include explanations, sentences, or any extra text—just the detected elements."
/mnt/abka03/Projects/xl-vlms/data/train,cat,543276.jpg,"Guitars,cat,table,chairs,bookshelves,books,lamp,ceiling fan,lights,television,speaker,rug,wood,metal,plastic,fabric,white,brown,gray,blue,red,black,patterned,circular,rectangular,curved,smooth,textured,glossy,matte.","Identify all visible objects, items, textures, colors, materials, and notable visual patterns in the given image. Output only a single-word, comma-separated list. Do not include explanations, sentences, or any extra text—just the detected elements."
/mnt/abka03/Projects/xl-vlms/data/train,cat,499226.jpg,"Cat, couch, remote, floral, fabric, gray, brown, red, plastic, buttons, pattern, soft, plush, cushion, table, metal, silver.","Identify all visible objects, items, textures, colors, materials, and notable visual patterns in the given image. Output only a single-word, comma-separated list. Do not include explanations, sentences, or any extra text—just the detected elements."
/mnt/abka03/Projects/xl-vlms/data/train,cat,454217.jpg,"Cat, hat, computer, screen, blue, orange, black, fabric, plastic, smooth, textured, stripes, logo, window, white.","Identify all visible objects, items, textures, colors, materials, and notable visual patterns in the given image. Output only a single-word, comma-separated list. Do not include explanations, sentences, or any extra text—just the detected elements."
/mnt/abka03/Projects/xl-vlms/data/train,cat,564228.jpg,"Laptops,cat,window,blinds,mug,papers,keyboard,mouse,desk,plastic,wood,fabric,beige,black,white,gray,brown,horizontal,rectangular,smooth,textured,shadows,light.","Identify all visible objects, items, textures, colors, materials, and notable visual patterns in the given image. Output only a single-word, comma-separated list. Do not include explanations, sentences, or any extra text—just the detected elements."
/mnt/abka03/Projects/xl-vlms/data/train,cat,160774.jpg,"Kitten, bowl, white, wood, fur, brown, blurry, outdoor, fence, chair, shadows, texture, pattern.","Identify all visible objects, items, textures, colors, materials, and notable visual patterns in the given image. Output only a single-word, comma-separated list. Do not include explanations, sentences, or any extra text—just the detected elements."
/mnt/abka03/Projects/xl-vlms/data/train,cat,226360.jpg,"Cat, bowls, wood, metal, green, brown, gray, trees, sky, fence, grass, sunlight, shadows, pattern, texture.","Identify all visible objects, items, textures, colors, materials, and notable visual patterns in the given image. Output only a single-word, comma-separated list. Do not include explanations, sentences, or any extra text—just the detected elements."
/mnt/abka03/Projects/xl-vlms/data/train,cat,227878.jpg,"Hummingbird, ornament, glass, mosaic, wings, beak, perch, aquarium, fish, plants, gravel, wood, cat, chair, fabric, yellow, brown, black, white, stripes, pattern, texture, smooth, shiny, rough, glossy, matte.","Identify all visible objects, items, textures, colors, materials, and notable visual patterns in the given image. Output only a single-word, comma-separated list. Do not include explanations, sentences, or any extra text—just the detected elements."
/mnt/abka03/Projects/xl-vlms/data/train,cat,320089.jpg,"Cat, laptop, keyboard, screen, table, wood, black, white, brown, fur, plastic, metal, pattern, smooth, textured, light, shadow.","Identify all visible objects, items, textures, colors, materials, and notable visual patterns in the given image. Output only a single-word, comma-separated list. Do not include explanations, sentences, or any extra text—just the detected elements."
/mnt/abka03/Projects/xl-vlms/data/train,cat,279582.jpg,"Cat, toilet, cabinet, curtains, tiles, white, brown, beige, ceramic, wood, fabric, glossy, matte, rectangular, square, vertical, horizontal, shadows, light.","Identify all visible objects, items, textures, colors, materials, and notable visual patterns in the given image. Output only a single-word, comma-separated list. Do not include explanations, sentences, or any extra text—just the detected elements."
/mnt/abka03/Projects/xl-vlms/data/train,cat,114726.jpg,"Cat, wall, shelf, books, camera, black, white, wood, beige, smooth, patterned, horizontal, vertical, furry, glossy, rectangular, cylindrical.","Identify all visible objects, items, textures, colors, materials, and notable visual patterns in the given image. Output only a single-word, comma-separated list. Do not include explanations, sentences, or any extra text—just the detected elements."
/mnt/abka03/Projects/xl-vlms/data/train,cat,417802.jpg,"Cat, laptop, monitor, keyboard, mouse, desk, papers, frame, penguin, computer, plastic, metal, fabric, black, white, gray, purple, yellow, brown, patterned, smooth, textured, glossy, matte.","Identify all visible objects, items, textures, colors, materials, and notable visual patterns in the given image. Output only a single-word, comma-separated list. Do not include explanations, sentences, or any extra text—just the detected elements."
/mnt/abka03/Projects/xl-vlms/data/train,cat,301575.jpg,"Cat, TV, screen, man, couch, Lifetime, table, books, white, black, brown, wood, fabric, glass, blue, gray, pattern, text.","Identify all visible objects, items, textures, colors, materials, and notable visual patterns in the given image. Output only a single-word, comma-separated list. Do not include explanations, sentences, or any extra text—just the detected elements."
/mnt/abka03/Projects/xl-vlms/data/train,cat,575.jpg,"Cat, shoe, grass, green, brown, leather, fur, laces, sunlight, shadows, stripes, texture.","Identify all visible objects, items, textures, colors, materials, and notable visual patterns in the given image. Output only a single-word, comma-separated list. Do not include explanations, sentences, or any extra text—just the detected elements."
/mnt/abka03/Projects/xl-vlms/data/train,cat,28714.jpg,"Buildings,door,bicycle,window,graffiti,painting,cat,woman,hair,clothing,plants,vases,shapes,colors,patterns,texture,metal,glass,concrete,rain,street,pavement,yellow,red,blue,green,black,white,brown,orange,purple,vertical,horizontal,geometric,organic,smooth,rough,wet,dry.","Identify all visible objects, items, textures, colors, materials, and notable visual patterns in the given image. Output only a single-word, comma-separated list. Do not include explanations, sentences, or any extra text—just the detected elements."
/mnt/abka03/Projects/xl-vlms/data/train,cat,308739.jpg,"Cats,bench,pillow,floral,blue,green,white,gray,brown,plastic,fabric,wood,window,screen,outdoor,pattern,stripes,texture.","Identify all visible objects, items, textures, colors, materials, and notable visual patterns in the given image. Output only a single-word, comma-separated list. Do not include explanations, sentences, or any extra text—just the detected elements."
/mnt/abka03/Projects/xl-vlms/data/train,cat,513585.jpg,"Cat, motorcycle, seat, black, blue, metal, leather, rubber, spokes, springs, grass, fence, white, dark, striped, furry, shiny, textured, pattern.","Identify all visible objects, items, textures, colors, materials, and notable visual patterns in the given image. Output only a single-word, comma-separated list. Do not include explanations, sentences, or any extra text—just the detected elements."
/mnt/abka03/Projects/xl-vlms/data/train,cat,313360.jpg,"Cougar, vegetation, trees, leaves, grass, dirt, night, black, white, fur, claws, eyes, pattern, texture.","Identify all visible objects, items, textures, colors, materials, and notable visual patterns in the given image. Output only a single-word, comma-separated list. Do not include explanations, sentences, or any extra text—just the detected elements."
/mnt/abka03/Projects/xl-vlms/data/train,cat,517696.jpg,"Cat, window, screen, white, gray, fur, mesh, horizontal, vertical, light, shadow, plastic, wood, pattern, texture.","Identify all visible objects, items, textures, colors, materials, and notable visual patterns in the given image. Output only a single-word, comma-separated list. Do not include explanations, sentences, or any extra text—just the detected elements."
/mnt/abka03/Projects/xl-vlms/data/train,cat,482350.jpg,"Cat, bird, floor, tiles, speckled, gray, white, black, brown, fur, feathers, smooth, hard.","Identify all visible objects, items, textures, colors, materials, and notable visual patterns in the given image. Output only a single-word, comma-separated list. Do not include explanations, sentences, or any extra text—just the detected elements."
/mnt/abka03/Projects/xl-vlms/data/train,cat,17954.jpg,"Men, stairs, columns, statue, doorway, hat, overalls, shirt, pants, shoes, jacket, tie, fabric, stone, metal, concrete, shadows, vertical, horizontal, uniform, texture, pattern.","Identify all visible objects, items, textures, colors, materials, and notable visual patterns in the given image. Output only a single-word, comma-separated list. Do not include explanations, sentences, or any extra text—just the detected elements."
/mnt/abka03/Projects/xl-vlms/data/train,cat,108556.jpg,"Bench, wall, window, plant, tree, cat, shadow, concrete, metal, wood, beige, brown, black, green, white, vines, leaves, fence, sunlight, pattern, texture.","Identify all visible objects, items, textures, colors, materials, and notable visual patterns in the given image. Output only a single-word, comma-separated list. Do not include explanations, sentences, or any extra text—just the detected elements."
/mnt/abka03/Projects/xl-vlms/data/train,cat,469046.jpg,"Cat, cage, metal, cushion, fur, yellow, brown, gray, stripes, pattern, shadows, light, reflective, soft, rough, furry, rectangular, vertical, horizontal.","Identify all visible objects, items, textures, colors, materials, and notable visual patterns in the given image. Output only a single-word, comma-separated list. Do not include explanations, sentences, or any extra text—just the detected elements."
/mnt/abka03/Projects/xl-vlms/data/train,cat,565797.jpg,"Cat, car, tire, wheel, chrome, red, black, fur, spokes, rubber, metal, glossy, textured, pattern, curved.","Identify all visible objects, items, textures, colors, materials, and notable visual patterns in the given image. Output only a single-word, comma-separated list. Do not include explanations, sentences, or any extra text—just the detected elements."
/mnt/abka03/Projects/xl-vlms/data/train,cup,81994.jpg,"Flowers, vase, water, countertop, granite, glass, stems, leaves, brown, orange, green, clear, smooth, speckled, vertical, organic.","Identify all visible objects, items, textures, colors, materials, and notable visual patterns in the given image. Output only a single-word, comma-separated list. Do not include explanations, sentences, or any extra text—just the detected elements."
/mnt/abka03/Projects/xl-vlms/data/train,cup,32868.jpg,"People,sofa,table,chair,mirror,artwork,lamp,plant,wood,fabric,plastic,metal,white,beige,blue,orange,pink,brown,gray,pattern,smooth,textured,glossy,matte.","Identify all visible objects, items, textures, colors, materials, and notable visual patterns in the given image. Output only a single-word, comma-separated list. Do not include explanations, sentences, or any extra text—just the detected elements."
/mnt/abka03/Projects/xl-vlms/data/train,cup,20481.jpg,"Laptop, CDs, desk, mouse, mug, wicker, wood, plastic, metal, text, pattern, light, shadow, white, black, silver, brown, gray.","Identify all visible objects, items, textures, colors, materials, and notable visual patterns in the given image. Output only a single-word, comma-separated list. Do not include explanations, sentences, or any extra text—just the detected elements."
/mnt/abka03/Projects/xl-vlms/data/train,cup,507939.jpg,"Sink, dishes, cups, plates, silverware, soap, sponge, spray bottle, faucet, water, stainless steel, ceramic, plastic, glass, patterned, cluttered, dirty, blue-toned.","Identify all visible objects, items, textures, colors, materials, and notable visual patterns in the given image. Output only a single-word, comma-separated list. Do not include explanations, sentences, or any extra text—just the detected elements."
/mnt/abka03/Projects/xl-vlms/data/train,cup,448574.jpg,"Bed, pillows, blanket, nightstand, lamp, window, brick, radiator, wall, wood, fabric, yellow, brown, white, grid, vertical, horizontal, quilted, smooth, rough, patterned, rectangular, square, cylindrical.","Identify all visible objects, items, textures, colors, materials, and notable visual patterns in the given image. Output only a single-word, comma-separated list. Do not include explanations, sentences, or any extra text—just the detected elements."
/mnt/abka03/Projects/xl-vlms/data/train,cup,489550.jpg,"Tea, table, chairs, plates, food, cups, saucers, teapot, sugar bowl, creamer, napkins, silver, wood, fabric, brown, white, gold, patterned, round, oval, smooth, textured, reflective, soft, hard.","Identify all visible objects, items, textures, colors, materials, and notable visual patterns in the given image. Output only a single-word, comma-separated list. Do not include explanations, sentences, or any extra text—just the detected elements."
/mnt/abka03/Projects/xl-vlms/data/train,cup,98322.jpg,"Snow, mountains, sky, sun, skiers, skis, poles, jackets, pants, boots, children, family, footprints, clouds, blue, white, orange, black, gray, red, wood, plastic, fabric, texture, pattern, sunlight, shadows.","Identify all visible objects, items, textures, colors, materials, and notable visual patterns in the given image. Output only a single-word, comma-separated list. Do not include explanations, sentences, or any extra text—just the detected elements."
/mnt/abka03/Projects/xl-vlms/data/train,cup,59501.jpg,"Cat, collar, stripes, brown, tabby, fur, whiskers, eyes, beige, white, wood, blinds, ceramic, yellow, green, orange, gray, horizontal, soft, smooth, striped.","Identify all visible objects, items, textures, colors, materials, and notable visual patterns in the given image. Output only a single-word, comma-separated list. Do not include explanations, sentences, or any extra text—just the detected elements."
/mnt/abka03/Projects/xl-vlms/data/train,cup,145444.jpg,"Computer, monitor, keyboard, mousepad, mouse, desk, shelves, books, CDs, DVDs, speakers, mug, pen, paper, lamp, decorations, curtains, wall, plastic, metal, wood, fabric, patterned, striped, solid, glossy, matte, rounded, rectangular, cylindrical.","Identify all visible objects, items, textures, colors, materials, and notable visual patterns in the given image. Output only a single-word, comma-separated list. Do not include explanations, sentences, or any extra text—just the detected elements."
/mnt/abka03/Projects/xl-vlms/data/train,cup,272439.jpg,"Man, sandwich, pickles, plate, tray, beer, can, table, chairs, people, food, restaurant, wall, pictures, wood, glass, fabric, black, white, brown, green, yellow, beige, patterned, checkered, smooth, textured, shiny, matte.","Identify all visible objects, items, textures, colors, materials, and notable visual patterns in the given image. Output only a single-word, comma-separated list. Do not include explanations, sentences, or any extra text—just the detected elements."
/mnt/abka03/Projects/xl-vlms/data/train,cup,510063.jpg,"Woman, man, kitchen, sink, stove, cabinets, refrigerator, microwave, television, table, chairs, sofa, cushions, curtains, window, door, fruit, magazine, gray, brown, white, black, silver, plastic, fabric, wood, metal, striped, smooth, textured, patterned.","Identify all visible objects, items, textures, colors, materials, and notable visual patterns in the given image. Output only a single-word, comma-separated list. Do not include explanations, sentences, or any extra text—just the detected elements."
/mnt/abka03/Projects/xl-vlms/data/train,cup,548882.jpg,"Plate, omelet, toast, knife, fork, cup, saucer, coffee, sugar, salt, pepper, napkin, table, glass, menu, paper, metal, white, yellow, brown, red, silver, plastic, grid, pattern, texture.","Identify all visible objects, items, textures, colors, materials, and notable visual patterns in the given image. Output only a single-word, comma-separated list. Do not include explanations, sentences, or any extra text—just the detected elements."
/mnt/abka03/Projects/xl-vlms/data/train,cup,358411.jpg,"Sandwich, fries, plate, newspaper, glass, water, salt, pepper, table, chairs, metal, wood, plastic, red, white, brown, gray, black, pattern, lines, grid, texture.","Identify all visible objects, items, textures, colors, materials, and notable visual patterns in the given image. Output only a single-word, comma-separated list. Do not include explanations, sentences, or any extra text—just the detected elements."
/mnt/abka03/Projects/xl-vlms/data/train,cup,546854.jpg,"Oranges, juice, pitcher, glass, bowl, thyme, citrus, fruit, liquid, table, blue, orange, yellow, transparent, smooth, textured, pattern, natural, food, drink, kitchenware, tableware.","Identify all visible objects, items, textures, colors, materials, and notable visual patterns in the given image. Output only a single-word, comma-separated list. Do not include explanations, sentences, or any extra text—just the detected elements."
/mnt/abka03/Projects/xl-vlms/data/train,cup,186438.jpg,"Chicken, vegetables, broth, white, brown, green, purple, yellow, red, white, translucent, opaque, smooth, rough, irregular, patterned, glossy, matte, ceramic, plastic, food, bowl, spoon, water, glass, table.","Identify all visible objects, items, textures, colors, materials, and notable visual patterns in the given image. Output only a single-word, comma-separated list. Do not include explanations, sentences, or any extra text—just the detected elements."
/mnt/abka03/Projects/xl-vlms/data/train,cup,30836.jpg,"Laptop, desk, water bottle, glass, pen, pencil, papers, books, lamp, mouse, plastic, wood, fabric, white, blue, brown, green, black, patterned, cluttered, organized, smooth, textured.","Identify all visible objects, items, textures, colors, materials, and notable visual patterns in the given image. Output only a single-word, comma-separated list. Do not include explanations, sentences, or any extra text—just the detected elements."
/mnt/abka03/Projects/xl-vlms/data/train,cup,315411.jpg,"Man, bowl, fruit, spoons, table, plate, glasses, curtains, wood, paper, pattern, purple, red, white, brown, beige, glass, plastic, fabric, smooth, rough, shiny, matte.","Identify all visible objects, items, textures, colors, materials, and notable visual patterns in the given image. Output only a single-word, comma-separated list. Do not include explanations, sentences, or any extra text—just the detected elements."
/mnt/abka03/Projects/xl-vlms/data/train,cup,446559.jpg,"People, table, chairs, water bottle, remote, curtains, sofa, pillows, wall, picture frame, wood, fabric, plastic, white, blue, orange, brown, gray, patterned, solid, blurred, dynamic.","Identify all visible objects, items, textures, colors, materials, and notable visual patterns in the given image. Output only a single-word, comma-separated list. Do not include explanations, sentences, or any extra text—just the detected elements."
/mnt/abka03/Projects/xl-vlms/data/train,cup,206922.jpg,"Cabinet,chair,ottoman,table,glass,dining,lamp,mirror,plant,carpet,wood,metal,ceramic,fabric,pattern,beige,blue,brown,gray,white,black,green,floral,geometric,rectangular,circular,curved,smooth,textured.","Identify all visible objects, items, textures, colors, materials, and notable visual patterns in the given image. Output only a single-word, comma-separated list. Do not include explanations, sentences, or any extra text—just the detected elements."
/mnt/abka03/Projects/xl-vlms/data/train,cup,188511.jpg,"Bathroom,sink,toilet,mirror,cabinet,countertop,faucet,wall,shelves,firstaidkit,lamp,window,tile,wood,ceramic,white,orange,brown,gray,pattern,rectangular,square,smooth,glossy,matte.","Identify all visible objects, items, textures, colors, materials, and notable visual patterns in the given image. Output only a single-word, comma-separated list. Do not include explanations, sentences, or any extra text—just the detected elements."
/mnt/abka03/Projects/xl-vlms/data/train,cup,194564.jpg,"Man, glasses, shirt, table, pizza, plates, crust, cheese, sauce, toppings, wood, white, brown, black, red, yellow, plastic, metal, pattern, texture, indoor, Christmas, television, counter, people, chair, wall, light.","Identify all visible objects, items, textures, colors, materials, and notable visual patterns in the given image. Output only a single-word, comma-separated list. Do not include explanations, sentences, or any extra text—just the detected elements."
/mnt/abka03/Projects/xl-vlms/data/train,cup,401411.jpg,"Chef, apron, white, black, chef's coat, black, blue, stainless steel, glass, green, red, orange, yellow, white, plastic, metal, food, ingredients, containers, cutting board, stove, oven, kitchen, countertop, table, people, hair, clothing, texture, pattern, light, shadow.","Identify all visible objects, items, textures, colors, materials, and notable visual patterns in the given image. Output only a single-word, comma-separated list. Do not include explanations, sentences, or any extra text—just the detected elements."
/mnt/abka03/Projects/xl-vlms/data/train,cup,352334.jpg,"Bathtub, faucet, candles, flowers, stool, tiles, wood, ceramic, beige, brown, white, glass, smooth, rough, rectangular, linear, vertical, horizontal.","Identify all visible objects, items, textures, colors, materials, and notable visual patterns in the given image. Output only a single-word, comma-separated list. Do not include explanations, sentences, or any extra text—just the detected elements."
/mnt/abka03/Projects/xl-vlms/data/train,cup,112673.jpg,"Table, chairs, plates, cups, saucers, bowls, teapot, pitcher, bread, fruit, cutlery, tablecloth, cabinets, window, curtains, tiles, wood, ceramic, glass, metal, fabric, floral, checkered, blue, yellow, green, white, brown, black, red, orange, purple, beige, patterned, smooth, rough, shiny, matte.","Identify all visible objects, items, textures, colors, materials, and notable visual patterns in the given image. Output only a single-word, comma-separated list. Do not include explanations, sentences, or any extra text—just the detected elements."
/mnt/abka03/Projects/xl-vlms/data/train,cup,167995.jpg,"Wrap, soup, bowl, spoon, plate, food, tortilla, meat, radish, lettuce, sour cream, garnish, white, brown, beige, pink, green, ceramic, paper, metal, woven, smooth, textured, patterned, light, shadow.","Identify all visible objects, items, textures, colors, materials, and notable visual patterns in the given image. Output only a single-word, comma-separated list. Do not include explanations, sentences, or any extra text—just the detected elements."
/mnt/abka03/Projects/xl-vlms/data/train,cup,202782.jpg,"Oranges, glasses, soda, juice, box, table, people, shirt, shorts, chair, bag, can, water, wood, glass, plastic, fabric, pattern, light, floor, wall, door, cabinet.","Identify all visible objects, items, textures, colors, materials, and notable visual patterns in the given image. Output only a single-word, comma-separated list. Do not include explanations, sentences, or any extra text—just the detected elements."
/mnt/abka03/Projects/xl-vlms/data/train,cup,292927.jpg,"Kitchen, cabinets, countertops, sink, faucet, dishwasher, stove, microwave, bags, boxes, lamp, table, chairs, window, door, floor, walls, tile, wood, plastic, metal, glass, fabric, pattern, light, shadow.","Identify all visible objects, items, textures, colors, materials, and notable visual patterns in the given image. Output only a single-word, comma-separated list. Do not include explanations, sentences, or any extra text—just the detected elements."
/mnt/abka03/Projects/xl-vlms/data/train,cup,514064.jpg,"cakes, strawberries, chocolate, frosting, sprinkles, flowers, foil, table, glass, water, crumbs, brown, white, red, pink, beige, textured, smooth, circular, oval, patterned.","Identify all visible objects, items, textures, colors, materials, and notable visual patterns in the given image. Output only a single-word, comma-separated list. Do not include explanations, sentences, or any extra text—just the detected elements."
/mnt/abka03/Projects/xl-vlms/data/train,cup,112732.jpg,"Teddy bears, cup, Starbucks, pink, brown, white, fabric, plastic, logo, text, pattern, texture.","Identify all visible objects, items, textures, colors, materials, and notable visual patterns in the given image. Output only a single-word, comma-separated list. Do not include explanations, sentences, or any extra text—just the detected elements."
/mnt/abka03/Projects/xl-vlms/data/train,cup,393251.jpg,"Man, boy, cake, candles, glasses, wine, plates, napkins, tablecloth, table, chairs, restaurant, people, food, white, blue, red, brown, gray, yellow, plastic, glass, fabric, wood, patterned, smooth, textured, round, rectangular, cylindrical, striped, polka-dotted.","Identify all visible objects, items, textures, colors, materials, and notable visual patterns in the given image. Output only a single-word, comma-separated list. Do not include explanations, sentences, or any extra text—just the detected elements."
/mnt/abka03/Projects/xl-vlms/data/train,knife,576030.jpg,"Kitchen,cabinets,countertops,sink,faucet,stove,oven,microwave,appliances,backsplash,tiles,ceiling,fan,light,walls,door,rug,floor,wood,ceramic,metal,plastic,pattern,beige,brown,white,black,green,pink,gray,texture,smooth,glossy,matte.","Identify all visible objects, items, textures, colors, materials, and notable visual patterns in the given image. Output only a single-word, comma-separated list. Do not include explanations, sentences, or any extra text—just the detected elements."
/mnt/abka03/Projects/xl-vlms/data/train,knife,345139.jpg,"Man, hat, Guinness, beer, glasses, table, red, yellow, metal, plastic, wood, liquid, foam, checkered, striped, smooth, textured, shiny, matte, outdoor, playground, slide.","Identify all visible objects, items, textures, colors, materials, and notable visual patterns in the given image. Output only a single-word, comma-separated list. Do not include explanations, sentences, or any extra text—just the detected elements."
/mnt/abka03/Projects/xl-vlms/data/train,knife,367142.jpg,"Woman,kitchen,cabinets,sink,dishwasher,oven,countertop,windows,curtains,appliances,tiles,wood,plastic,metal,white,brown,black,gray,patterned,floral,geometric,smooth,rough,glossy,matte.","Identify all visible objects, items, textures, colors, materials, and notable visual patterns in the given image. Output only a single-word, comma-separated list. Do not include explanations, sentences, or any extra text—just the detected elements."
/mnt/abka03/Projects/xl-vlms/data/train,knife,54294.jpg,"Woman,kitchen,countertop,cake,knife,wooden,chair,stove,refrigerator,cabinets,window,blinds,Coca-Cola,white,brown,purple,blue,wood,metal,plastic,ceramic,pattern,texture,light,shadow,horizontal,vertical,round,rectangular,square.","Identify all visible objects, items, textures, colors, materials, and notable visual patterns in the given image. Output only a single-word, comma-separated list. Do not include explanations, sentences, or any extra text—just the detected elements."
/mnt/abka03/Projects/xl-vlms/data/train,knife,36908.jpg,"Woman,knife,sandwich,plate,kitchen,sink,faucet,tiles,countertop,cabinet,sweater,dress,hair,eyes,mouth,texture,pattern,black,white,smooth,rough,plastic,ceramic,fabric.","Identify all visible objects, items, textures, colors, materials, and notable visual patterns in the given image. Output only a single-word, comma-separated list. Do not include explanations, sentences, or any extra text—just the detected elements."
/mnt/abka03/Projects/xl-vlms/data/train,knife,318509.jpg,"Uniform, hat, glasses, table, plates, plastic, water, phone, glasses, wood, fabric, gray, white, brown, camouflage, pattern, stripes, logo, box, wall, floor, light, shadow.","Identify all visible objects, items, textures, colors, materials, and notable visual patterns in the given image. Output only a single-word, comma-separated list. Do not include explanations, sentences, or any extra text—just the detected elements."
/mnt/abka03/Projects/xl-vlms/data/train,knife,50230.jpg,"Cake, cuttingboard, knife, vegetables, green, red, white, brown, fondant, plastic, pattern, food.","Identify all visible objects, items, textures, colors, materials, and notable visual patterns in the given image. Output only a single-word, comma-separated list. Do not include explanations, sentences, or any extra text—just the detected elements."
/mnt/abka03/Projects/xl-vlms/data/train,knife,280607.jpg,"Pizza, knife, hands, baking sheet, parchment paper, cheese, tomato, crust, brown, white, metal, plastic, grid, crumbs, bowl, countertop.","Identify all visible objects, items, textures, colors, materials, and notable visual patterns in the given image. Output only a single-word, comma-separated list. Do not include explanations, sentences, or any extra text—just the detected elements."
/mnt/abka03/Projects/xl-vlms/data/train,knife,90151.jpg,"Pizza, pepperoni, cheese, crust, metal, knife, wooden, round, slices, texture, red, white, brown, gray, pattern, shiny, matte.","Identify all visible objects, items, textures, colors, materials, and notable visual patterns in the given image. Output only a single-word, comma-separated list. Do not include explanations, sentences, or any extra text—just the detected elements."
/mnt/abka03/Projects/xl-vlms/data/train,knife,134688.jpg,"Teddybear, pie, plate, fork, knife, cup, table, wood, white, brown, cream, fabric, plastic, metal, patterned, smooth, fuzzy, glossy, striped.","Identify all visible objects, items, textures, colors, materials, and notable visual patterns in the given image. Output only a single-word, comma-separated list. Do not include explanations, sentences, or any extra text—just the detected elements."
/mnt/abka03/Projects/xl-vlms/data/train,knife,265227.jpg,"Waffles, plate, hand, fork, egg, bacon, cup, saucer, spoon, knife, sugar, napkin, table, tiles, metal, ceramic, brown, white, yellow, red, silver, grid, checkered.","Identify all visible objects, items, textures, colors, materials, and notable visual patterns in the given image. Output only a single-word, comma-separated list. Do not include explanations, sentences, or any extra text—just the detected elements."
/mnt/abka03/Projects/xl-vlms/data/train,knife,54803.jpg,"People, table, food, drinks, plates, glasses, bottles, water, chips, white, black, yellow, green, blue, brown, silver, plastic, metal, fabric, wood, pattern, texture, night, water, lights.","Identify all visible objects, items, textures, colors, materials, and notable visual patterns in the given image. Output only a single-word, comma-separated list. Do not include explanations, sentences, or any extra text—just the detected elements."
/mnt/abka03/Projects/xl-vlms/data/train,knife,64005.jpg,"Pizza, salad, bowl, plate, cutlery, wooden, paper, red, green, white, brown, orange, glass, can, liquid, food, texture, pattern.","Identify all visible objects, items, textures, colors, materials, and notable visual patterns in the given image. Output only a single-word, comma-separated list. Do not include explanations, sentences, or any extra text—just the detected elements."
/mnt/abka03/Projects/xl-vlms/data/train,knife,548882.jpg,"Plate, omelet, toast, knife, fork, cup, saucer, coffee, sugar, salt, pepper, napkin, table, glass, menu, paper, metal, white, yellow, brown, red, silver, plastic, grid, pattern, texture.","Identify all visible objects, items, textures, colors, materials, and notable visual patterns in the given image. Output only a single-word, comma-separated list. Do not include explanations, sentences, or any extra text—just the detected elements."
/mnt/abka03/Projects/xl-vlms/data/train,knife,288313.jpg,"Plate, food, cutlery, bowl, cup, saucer, napkin, table, wicker, white, yellow, brown, green, red, silver, ceramic, glass, patterned, woven, smooth, textured.","Identify all visible objects, items, textures, colors, materials, and notable visual patterns in the given image. Output only a single-word, comma-separated list. Do not include explanations, sentences, or any extra text—just the detected elements."
/mnt/abka03/Projects/xl-vlms/data/train,knife,395831.jpg,"Donuts, box, paper, brown, pink, plastic, glass, liquid, food, crumbs, texture, pattern, light, shadow.","Identify all visible objects, items, textures, colors, materials, and notable visual patterns in the given image. Output only a single-word, comma-separated list. Do not include explanations, sentences, or any extra text—just the detected elements."
/mnt/abka03/Projects/xl-vlms/data/train,knife,177193.jpg,"Pizza, wine, glasses, plates, bottles, table, napkins, silverware, lamp, wall, wood, ceramic, glass, fabric, pattern, shadows, warm, dark.","Identify all visible objects, items, textures, colors, materials, and notable visual patterns in the given image. Output only a single-word, comma-separated list. Do not include explanations, sentences, or any extra text—just the detected elements."
/mnt/abka03/Projects/xl-vlms/data/train,knife,35367.jpg,"Table, cakes, pastries, plates, glasses, napkins, tablecloth, window, curtains, wall, wood, tile, balloon, plastic, white, pink, brown, beige, silver, glass, fabric, checkered, rectangular, round, smooth, textured, patterned.","Identify all visible objects, items, textures, colors, materials, and notable visual patterns in the given image. Output only a single-word, comma-separated list. Do not include explanations, sentences, or any extra text—just the detected elements."
/mnt/abka03/Projects/xl-vlms/data/train,knife,416258.jpg,"People, tables, chairs, food, drinks, glasses, plates, napkins, tablecloth, building, awning, lights, boats, water, sky, trees, hats, shirts, shorts, tank tops, concrete, metal, glass, fabric, white, blue, black, brown, red, gray, green, yellow, pink, striped, patterned, smooth, rough, shiny, matte.","Identify all visible objects, items, textures, colors, materials, and notable visual patterns in the given image. Output only a single-word, comma-separated list. Do not include explanations, sentences, or any extra text—just the detected elements."
/mnt/abka03/Projects/xl-vlms/data/train,knife,209480.jpg,"Broccoli, cauliflower, plate, blue, white, ceramic, patterned, food, vegetable, red, pepper, table, floral, glass, water, knife, metal, plastic, texture, smooth, rough.","Identify all visible objects, items, textures, colors, materials, and notable visual patterns in the given image. Output only a single-word, comma-separated list. Do not include explanations, sentences, or any extra text—just the detected elements."
/mnt/abka03/Projects/xl-vlms/data/train,knife,112673.jpg,"Table, chairs, plates, cups, saucers, bowls, teapot, pitcher, bread, fruit, cutlery, tablecloth, cabinets, window, curtains, tiles, wood, ceramic, glass, metal, fabric, floral, checkered, blue, yellow, green, white, brown, black, red, orange, purple, beige, patterned, smooth, rough, shiny, matte.","Identify all visible objects, items, textures, colors, materials, and notable visual patterns in the given image. Output only a single-word, comma-separated list. Do not include explanations, sentences, or any extra text—just the detected elements."
/mnt/abka03/Projects/xl-vlms/data/train,knife,456223.jpg,"Door, wood, hole, bullet, metal, scissors, hand, kitchen, car, bumper, plastic, black, silver, white, brown, texture, pattern, sharp, smooth, rough.","Identify all visible objects, items, textures, colors, materials, and notable visual patterns in the given image. Output only a single-word, comma-separated list. Do not include explanations, sentences, or any extra text—just the detected elements."
/mnt/abka03/Projects/xl-vlms/data/train,knife,466456.jpg,"Bride, groom, wedding dress, suit, cake, flowers, tiara, white, black, purple, lace, satin, velvet, plastic, bokeh, lights, people, table, background, pattern, texture.","Identify all visible objects, items, textures, colors, materials, and notable visual patterns in the given image. Output only a single-word, comma-separated list. Do not include explanations, sentences, or any extra text—just the detected elements."
/mnt/abka03/Projects/xl-vlms/data/train,knife,255522.jpg,"People,table,chairs,glasses,bottles,food,cloth,wood,leaves,lights,pattern,red,blue,black,brown,white,texture,smooth,rough,warm,dim,indoor.","Identify all visible objects, items, textures, colors, materials, and notable visual patterns in the given image. Output only a single-word, comma-separated list. Do not include explanations, sentences, or any extra text—just the detected elements."
/mnt/abka03/Projects/xl-vlms/data/train,knife,227869.jpg,"Man, woman, cake, knife, table, tablecloth, flowers, logo, suit, tie, dress, glasses, painting, frame, pedestal, wood, fabric, white, blue, pink, purple, gold, brown, striped, smooth, textured, floral, rectangular, oval, patterned.","Identify all visible objects, items, textures, colors, materials, and notable visual patterns in the given image. Output only a single-word, comma-separated list. Do not include explanations, sentences, or any extra text—just the detected elements."
/mnt/abka03/Projects/xl-vlms/data/train,knife,128581.jpg,"Table, chairs, people, computer, monitor, projector, screen, flag, curtains, windows, wall, wood, glass, plastic, paper, fabric, metal, white, black, brown, blue, red, yellow, orange, gray, striped, rectangular, cylindrical, smooth, textured, patterned.","Identify all visible objects, items, textures, colors, materials, and notable visual patterns in the given image. Output only a single-word, comma-separated list. Do not include explanations, sentences, or any extra text—just the detected elements."
/mnt/abka03/Projects/xl-vlms/data/train,knife,250952.jpg,"Plate, food, bread, jam, knife, fork, spoon, table, wood, blue, white, brown, metal, plastic, crumbs, texture, pattern.","Identify all visible objects, items, textures, colors, materials, and notable visual patterns in the given image. Output only a single-word, comma-separated list. Do not include explanations, sentences, or any extra text—just the detected elements."
/mnt/abka03/Projects/xl-vlms/data/train,knife,67631.jpg,"Couple, wedding cake, knife, plates, glasses, flowers, candles, table, room, wall, curtains, suit, dress, flowers, lace, frosting, satin, wood, fabric, pattern, texture, black, white, grayscale.","Identify all visible objects, items, textures, colors, materials, and notable visual patterns in the given image. Output only a single-word, comma-separated list. Do not include explanations, sentences, or any extra text—just the detected elements."
/mnt/abka03/Projects/xl-vlms/data/train,knife,207424.jpg,"Sandwich, bacon, cheese, bread, pickles, fork, paper, white, brown, yellow, grilled, crispy, soft, layered, stripes, checkered.","Identify all visible objects, items, textures, colors, materials, and notable visual patterns in the given image. Output only a single-word, comma-separated list. Do not include explanations, sentences, or any extra text—just the detected elements."
/mnt/abka03/Projects/xl-vlms/data/train,knife,393251.jpg,"Man, boy, cake, candles, glasses, wine, plates, napkins, tablecloth, table, chairs, restaurant, people, food, white, blue, red, brown, gray, yellow, plastic, glass, fabric, wood, patterned, smooth, textured, round, rectangular, cylindrical, striped, polka-dotted.","Identify all visible objects, items, textures, colors, materials, and notable visual patterns in the given image. Output only a single-word, comma-separated list. Do not include explanations, sentences, or any extra text—just the detected elements."
/mnt/abka03/Projects/xl-vlms/data/train,doughnut,302399.jpg,"Donuts, bowl, wood, sugar, brown, golden, circular, grainy, smooth, matte, light, dark, horizontal, pattern.","Identify all visible objects, items, textures, colors, materials, and notable visual patterns in the given image. Output only a single-word, comma-separated list. Do not include explanations, sentences, or any extra text—just the detected elements."
/mnt/abka03/Projects/xl-vlms/data/train,doughnut,553402.jpg,"Donut, hands, shirt, white, blue, brown, yellow, orange, red, green, white frosting, sprinkles, plastic, fabric, patterned, smooth, textured.","Identify all visible objects, items, textures, colors, materials, and notable visual patterns in the given image. Output only a single-word, comma-separated list. Do not include explanations, sentences, or any extra text—just the detected elements."
/mnt/abka03/Projects/xl-vlms/data/train,doughnut,389516.jpg,"Donuts, woman, hat, scarf, jacket, food, window, man, counter, sign, text, brick, pavement, trashcan, plastic, fabric, red, white, blue, black, gray, brown, smooth, rough, patterned, stripes, numbers, letters, shadows.","Identify all visible objects, items, textures, colors, materials, and notable visual patterns in the given image. Output only a single-word, comma-separated list. Do not include explanations, sentences, or any extra text—just the detected elements."
/mnt/abka03/Projects/xl-vlms/data/train,doughnut,216715.jpg,"Donuts, plate, table, glass, napkin, brown, white, ceramic, pastry, powdered, chocolate, liquid, pattern, oval, round, smooth, glossy, wooden.","Identify all visible objects, items, textures, colors, materials, and notable visual patterns in the given image. Output only a single-word, comma-separated list. Do not include explanations, sentences, or any extra text—just the detected elements."
/mnt/abka03/Projects/xl-vlms/data/train,doughnut,320804.jpg,"Donut, plate, glaze, crumbs, brown, blue, ceramic, circular, pattern, hole, texture.","Identify all visible objects, items, textures, colors, materials, and notable visual patterns in the given image. Output only a single-word, comma-separated list. Do not include explanations, sentences, or any extra text—just the detected elements."
/mnt/abka03/Projects/xl-vlms/data/train,doughnut,292127.jpg,"Men, donuts, sunglasses, t-shirt, cap, backpack, street, buildings, sidewalk, asphalt, concrete, glass, metal, white, black, blue, brown, beige, gray, pattern, horizontal, vertical, round, circular, smooth, textured.","Identify all visible objects, items, textures, colors, materials, and notable visual patterns in the given image. Output only a single-word, comma-separated list. Do not include explanations, sentences, or any extra text—just the detected elements."
/mnt/abka03/Projects/xl-vlms/data/train,doughnut,576430.jpg,"Donuts, frosting, sprinkles, glaze, pink, brown, white, yellow, texture, circular, pattern, food, sweet, box, paper.","Identify all visible objects, items, textures, colors, materials, and notable visual patterns in the given image. Output only a single-word, comma-separated list. Do not include explanations, sentences, or any extra text—just the detected elements."
/mnt/abka03/Projects/xl-vlms/data/train,doughnut,170394.jpg,"Donut, hand, steering wheel, dashboard, car, brown, silver, plastic, metal, sugar, crumbs, circular, radial, textured, smooth, glossy.","Identify all visible objects, items, textures, colors, materials, and notable visual patterns in the given image. Output only a single-word, comma-separated list. Do not include explanations, sentences, or any extra text—just the detected elements."
/mnt/abka03/Projects/xl-vlms/data/train,doughnut,15427.jpg,"Boys,chairs,remote,t-shirts,shorts,carpet,wood,table,drawer,picture frames,photos,books,plastic,fabric,brown,white,blue,black,gray,orange,red,green,patterned,smooth,textured,glossy,matte.","Identify all visible objects, items, textures, colors, materials, and notable visual patterns in the given image. Output only a single-word, comma-separated list. Do not include explanations, sentences, or any extra text—just the detected elements."
/mnt/abka03/Projects/xl-vlms/data/train,doughnut,275020.jpg,"Donuts, powdered sugar, metal, paper, mustard, yellow, brown, circular, textured, smooth, shiny, matte.","Identify all visible objects, items, textures, colors, materials, and notable visual patterns in the given image. Output only a single-word, comma-separated list. Do not include explanations, sentences, or any extra text—just the detected elements."
/mnt/abka03/Projects/xl-vlms/data/train,doughnut,312476.jpg,"Donuts, people, table, chairs, books, lamp, glasses, bottles, guitar, clothing, wood, fabric, ceramic, paper, white, brown, red, yellow, blue, green, patterned, smooth, textured, glossy, matte, stripes, polka dots, floral.","Identify all visible objects, items, textures, colors, materials, and notable visual patterns in the given image. Output only a single-word, comma-separated list. Do not include explanations, sentences, or any extra text—just the detected elements."
/mnt/abka03/Projects/xl-vlms/data/train,doughnut,101552.jpg,"Woman, donut, scarf, jacket, building, storefront, coffee, lights, people, man, woman, snow, gray, brown, white, black, pink, purple, orange, yellow, plastic, glass, metal, fabric, brick, pattern, texture.","Identify all visible objects, items, textures, colors, materials, and notable visual patterns in the given image. Output only a single-word, comma-separated list. Do not include explanations, sentences, or any extra text—just the detected elements."
/mnt/abka03/Projects/xl-vlms/data/train,doughnut,487244.jpg,"Bagel, hand, almond, crusty, brown, beige, white, skin, fabric, blurry, pavement, plastic, water.","Identify all visible objects, items, textures, colors, materials, and notable visual patterns in the given image. Output only a single-word, comma-separated list. Do not include explanations, sentences, or any extra text—just the detected elements."
/mnt/abka03/Projects/xl-vlms/data/train,doughnut,17210.jpg,"Donut, coffee, cup, tray, paper, red, white, blue, plastic, fabric, smooth, textured, patterned, blurry, light, shadow, window, seats, people, closed.","Identify all visible objects, items, textures, colors, materials, and notable visual patterns in the given image. Output only a single-word, comma-separated list. Do not include explanations, sentences, or any extra text—just the detected elements."
/mnt/abka03/Projects/xl-vlms/data/train,doughnut,324616.jpg,"Cake, flowers, berries, frosting, wood, table, tray, cookies, fruit, white, brown, green, red, silver, textured, patterned, rustic, natural, round, rectangular.","Identify all visible objects, items, textures, colors, materials, and notable visual patterns in the given image. Output only a single-word, comma-separated list. Do not include explanations, sentences, or any extra text—just the detected elements."
/mnt/abka03/Projects/xl-vlms/data/train,doughnut,134818.jpg,"Donuts, box, cardboard, brown, beige, white, red, black, gold, stars, text, hand, shirt, blue, checkered, desk, drawers, metal, carpet, patterned, light, shadow.","Identify all visible objects, items, textures, colors, materials, and notable visual patterns in the given image. Output only a single-word, comma-separated list. Do not include explanations, sentences, or any extra text—just the detected elements."
/mnt/abka03/Projects/xl-vlms/data/train,doughnut,11282.jpg,"Donut, sprinkles, chocolate, brown, white, yellow, blue, green, pink, purple, hand, skin, clothing, black, white, table, red, paper, plastic, food, texture, pattern, circular, hole, bite.","Identify all visible objects, items, textures, colors, materials, and notable visual patterns in the given image. Output only a single-word, comma-separated list. Do not include explanations, sentences, or any extra text—just the detected elements."
/mnt/abka03/Projects/xl-vlms/data/train,doughnut,395831.jpg,"Donuts, box, paper, brown, pink, plastic, glass, liquid, food, crumbs, texture, pattern, light, shadow.","Identify all visible objects, items, textures, colors, materials, and notable visual patterns in the given image. Output only a single-word, comma-separated list. Do not include explanations, sentences, or any extra text—just the detected elements."
/mnt/abka03/Projects/xl-vlms/data/train,doughnut,474550.jpg,"Donuts,chalkboard,sign,doughnut,cream,brolee,blackberry,pistachio,carrotcake,strawberry,jam,chai,metal,glass,display,pastries,brown,red,green,white,black,circular,pattern,texture,rough,smooth,glossy,matte.","Identify all visible objects, items, textures, colors, materials, and notable visual patterns in the given image. Output only a single-word, comma-separated list. Do not include explanations, sentences, or any extra text—just the detected elements."
/mnt/abka03/Projects/xl-vlms/data/train,doughnut,105733.jpg,"Donuts, milkshake, plate, paper, coffee cup, plastic, glazed, frosted, sprinkles, chocolate, pink, brown, white, smooth, textured, circular, cylindrical, glossy, matte, pattern.","Identify all visible objects, items, textures, colors, materials, and notable visual patterns in the given image. Output only a single-word, comma-separated list. Do not include explanations, sentences, or any extra text—just the detected elements."
/mnt/abka03/Projects/xl-vlms/data/train,doughnut,174904.jpg,"Ornament, Christmas tree, bokeh, gold, brown, glitter, beads, plastic, green, star, lights, blurred, festive.","Identify all visible objects, items, textures, colors, materials, and notable visual patterns in the given image. Output only a single-word, comma-separated list. Do not include explanations, sentences, or any extra text—just the detected elements."
/mnt/abka03/Projects/xl-vlms/data/train,doughnut,3870.jpg,"People,hotdogs,plates,drinks,hat,necklace,shirt,shorts,table,chairs,flag,ball,window,wood,metal,plastic,red,white,blue,brown,black,striped,patterned,smooth,rough,shiny,matte.","Identify all visible objects, items, textures, colors, materials, and notable visual patterns in the given image. Output only a single-word, comma-separated list. Do not include explanations, sentences, or any extra text—just the detected elements."
/mnt/abka03/Projects/xl-vlms/data/train,doughnut,216851.jpg,"Girls,burgers,napkins,white,brown,beige,plastic,glass,tile,hair,eyes,mouth,clothing,window,reflection,pattern,texture,light,shadow,food,restaurant.","Identify all visible objects, items, textures, colors, materials, and notable visual patterns in the given image. Output only a single-word, comma-separated list. Do not include explanations, sentences, or any extra text—just the detected elements."
/mnt/abka03/Projects/xl-vlms/data/train,doughnut,23218.jpg,"Boy,cupcake,teeth,eyes,hair,shirt,texture,smooth,soft,dark,light,round,curved,pattern,shadows,black,white","Identify all visible objects, items, textures, colors, materials, and notable visual patterns in the given image. Output only a single-word, comma-separated list. Do not include explanations, sentences, or any extra text—just the detected elements."
/mnt/abka03/Projects/xl-vlms/data/train,doughnut,34757.jpg,"Table, tablecloth, checkered, red, white, bowl, cereal, yogurt, granola, fruit, jam, butter, coffee, cup, saucer, plate, bread, rolls, utensils, glass, ceramic, plastic, wood, floral, pattern, smooth, rough, liquid, solid, food, breakfast, outdoor, patio, chair, cushion, metal, shadow.","Identify all visible objects, items, textures, colors, materials, and notable visual patterns in the given image. Output only a single-word, comma-separated list. Do not include explanations, sentences, or any extra text—just the detected elements."
/mnt/abka03/Projects/xl-vlms/data/train,doughnut,345286.jpg,"Woman,donut,pink,sprinkles,gray,shirt,ring,store,shelves,food,packaging,plastic,glass,white,brown,red,blue,yellow,pattern,clock,sign,Hostess,Hostess,Buy,Get,Free,Hostess,coffee,carton,window,reflection,counter,metal,paper,plastic,texture,smooth,rough,glossy,matte.","Identify all visible objects, items, textures, colors, materials, and notable visual patterns in the given image. Output only a single-word, comma-separated list. Do not include explanations, sentences, or any extra text—just the detected elements."
/mnt/abka03/Projects/xl-vlms/data/train,doughnut,525211.jpg,"Donut, hand, frosting, sugar, brown, white, light-brown, circular, textured, smooth, plate, food, kitchen, plastic.","Identify all visible objects, items, textures, colors, materials, and notable visual patterns in the given image. Output only a single-word, comma-separated list. Do not include explanations, sentences, or any extra text—just the detected elements."
/mnt/abka03/Projects/xl-vlms/data/train,doughnut,413245.jpg,"Hands, cupcake, frosting, dog, fur, black, brown, beige, shirt, pants, watch, metal, fabric, tiled, pattern.","Identify all visible objects, items, textures, colors, materials, and notable visual patterns in the given image. Output only a single-word, comma-separated list. Do not include explanations, sentences, or any extra text—just the detected elements."
/mnt/abka03/Projects/xl-vlms/data/train,doughnut,447147.jpg,"Oven,food,baking,foil,metal,ceramic,white,brown,black,rough,smooth,circular,patterned,dirty,heat-damaged,metallic,food-cooked.","Identify all visible objects, items, textures, colors, materials, and notable visual patterns in the given image. Output only a single-word, comma-separated list. Do not include explanations, sentences, or any extra text—just the detected elements."
/mnt/abka03/Projects/xl-vlms/data/train,doughnut,215424.jpg,"Cat, donut, plate, wood, fur, brown, white, yellow, chocolate, smooth, textured, stripes, ring, circular, glossy, matte.","Identify all visible objects, items, textures, colors, materials, and notable visual patterns in the given image. Output only a single-word, comma-separated list. Do not include explanations, sentences, or any extra text—just the detected elements."
/mnt/abka03/Projects/xl-vlms/data/train,cake,233007.jpg,"Women, cake, blue, purple, black, white, silver, glass, fabric, smooth, patterned, rectangular, round, floral, textured, glossy, matte, indoor, wall, sofa, pillows, cups, straws, light.","Identify all visible objects, items, textures, colors, materials, and notable visual patterns in the given image. Output only a single-word, comma-separated list. Do not include explanations, sentences, or any extra text—just the detected elements."
/mnt/abka03/Projects/xl-vlms/data/train,cake,409091.jpg,"Woman, cake, candles, champagne, bottle, glasses, table, food, white, pink, yellow, blue, silver, glass, ceramic, fabric, light, bokeh, pattern, texture.","Identify all visible objects, items, textures, colors, materials, and notable visual patterns in the given image. Output only a single-word, comma-separated list. Do not include explanations, sentences, or any extra text—just the detected elements."
/mnt/abka03/Projects/xl-vlms/data/train,cake,54294.jpg,"Woman,kitchen,countertop,cake,knife,wooden,chair,stove,refrigerator,cabinets,window,blinds,Coca-Cola,white,brown,purple,blue,wood,metal,plastic,ceramic,pattern,texture,light,shadow,horizontal,vertical,round,rectangular,square.","Identify all visible objects, items, textures, colors, materials, and notable visual patterns in the given image. Output only a single-word, comma-separated list. Do not include explanations, sentences, or any extra text—just the detected elements."
/mnt/abka03/Projects/xl-vlms/data/train,cake,508449.jpg,"People,cake,box,flowers,brown,beige,gray,white,red,orange,yellow,purple,green,plastic,paper,smooth,textured,rectangular,square,circular,floral,lettering,celebratory,indoor,office,window,light,shadows.","Identify all visible objects, items, textures, colors, materials, and notable visual patterns in the given image. Output only a single-word, comma-separated list. Do not include explanations, sentences, or any extra text—just the detected elements."
/mnt/abka03/Projects/xl-vlms/data/train,cake,318509.jpg,"Uniform, hat, glasses, table, plates, plastic, water, phone, glasses, wood, fabric, gray, white, brown, camouflage, pattern, stripes, logo, box, wall, floor, light, shadow.","Identify all visible objects, items, textures, colors, materials, and notable visual patterns in the given image. Output only a single-word, comma-separated list. Do not include explanations, sentences, or any extra text—just the detected elements."
/mnt/abka03/Projects/xl-vlms/data/train,cake,50230.jpg,"Cake, cuttingboard, knife, vegetables, green, red, white, brown, fondant, plastic, pattern, food.","Identify all visible objects, items, textures, colors, materials, and notable visual patterns in the given image. Output only a single-word, comma-separated list. Do not include explanations, sentences, or any extra text—just the detected elements."
/mnt/abka03/Projects/xl-vlms/data/train,cake,242755.jpg,"Man, hat, bucket, camouflage, face, mouth, spoon, food, hands, wrinkles, skin, black, white, texture, pattern.","Identify all visible objects, items, textures, colors, materials, and notable visual patterns in the given image. Output only a single-word, comma-separated list. Do not include explanations, sentences, or any extra text—just the detected elements."
/mnt/abka03/Projects/xl-vlms/data/train,cake,8718.jpg,"Casserole, dish, bowl, spoon, strawberry, blueberries, yogurt, coffee, mug, tablecloth, doily, checkered, red, white, baked, crumbly, smooth, glossy, porcelain, fabric, pattern.","Identify all visible objects, items, textures, colors, materials, and notable visual patterns in the given image. Output only a single-word, comma-separated list. Do not include explanations, sentences, or any extra text—just the detected elements."
/mnt/abka03/Projects/xl-vlms/data/train,cake,324616.jpg,"Cake, flowers, berries, frosting, wood, table, tray, cookies, fruit, white, brown, green, red, silver, textured, patterned, rustic, natural, round, rectangular.","Identify all visible objects, items, textures, colors, materials, and notable visual patterns in the given image. Output only a single-word, comma-separated list. Do not include explanations, sentences, or any extra text—just the detected elements."
/mnt/abka03/Projects/xl-vlms/data/train,cake,345602.jpg,"Cake, frosting, chocolate, roses, white, brown, white, dots, stripes, keyboard, mouse, monitor, plastic, paper, white, brown, textured, smooth, glossy, patterned, curved, rectangular, circular.","Identify all visible objects, items, textures, colors, materials, and notable visual patterns in the given image. Output only a single-word, comma-separated list. Do not include explanations, sentences, or any extra text—just the detected elements."
/mnt/abka03/Projects/xl-vlms/data/train,cake,422960.jpg,"Cake, train, fondant, blue, pink, grey, brown, yellow, green, flowers, numbers, letters, stripes, checkered, smooth, textured, plastic, paper, table, windowsill, keyboard, calculator, glass, ceramic.","Identify all visible objects, items, textures, colors, materials, and notable visual patterns in the given image. Output only a single-word, comma-separated list. Do not include explanations, sentences, or any extra text—just the detected elements."
/mnt/abka03/Projects/xl-vlms/data/train,cake,164920.jpg,"Woman, scarf, sweater, jewelry, plate, dessert, chocolate, table, chair, desk, drawers, artwork, wood, fabric, patterned, smooth, soft, dark, light, brown, red, pink, blue, black, white.","Identify all visible objects, items, textures, colors, materials, and notable visual patterns in the given image. Output only a single-word, comma-separated list. Do not include explanations, sentences, or any extra text—just the detected elements."
/mnt/abka03/Projects/xl-vlms/data/train,cake,381996.jpg,"Box, cheesecake, plate, fork, table, cup, ceramic, chocolate, brown, gold, white, blue, floral, striped, glossy, matte, textured, smooth, patterned, rectangular, curved, food, dessert.","Identify all visible objects, items, textures, colors, materials, and notable visual patterns in the given image. Output only a single-word, comma-separated list. Do not include explanations, sentences, or any extra text—just the detected elements."
/mnt/abka03/Projects/xl-vlms/data/train,cake,35367.jpg,"Table, cakes, pastries, plates, glasses, napkins, tablecloth, window, curtains, wall, wood, tile, balloon, plastic, white, pink, brown, beige, silver, glass, fabric, checkered, rectangular, round, smooth, textured, patterned.","Identify all visible objects, items, textures, colors, materials, and notable visual patterns in the given image. Output only a single-word, comma-separated list. Do not include explanations, sentences, or any extra text—just the detected elements."
/mnt/abka03/Projects/xl-vlms/data/train,cake,506458.jpg,"Soldiers,cake,knife,tablecloth,red,white,silver,glass,stone,wood,carpet,doors,windows,bowl,pattern,camouflage,uniforms,badges,ribbon,plastic,paper,liquid,metal,smooth,rough,shiny,matte.","Identify all visible objects, items, textures, colors, materials, and notable visual patterns in the given image. Output only a single-word, comma-separated list. Do not include explanations, sentences, or any extra text—just the detected elements."
/mnt/abka03/Projects/xl-vlms/data/train,cake,48129.jpg,"Man, glasses, shirt, ring, watch, spoon, plate, food, cake, frosting, lettuce, table, balloons, lights, ceiling, white, black, blue, green, brown, metal, plastic, fabric, checkered, blurry, bokeh.","Identify all visible objects, items, textures, colors, materials, and notable visual patterns in the given image. Output only a single-word, comma-separated list. Do not include explanations, sentences, or any extra text—just the detected elements."
/mnt/abka03/Projects/xl-vlms/data/train,cake,333831.jpg,"Table, children, woman, chair, window, blinds, curtains, lamp, wooden, plastic, paper, fabric, gray, purple, brown, white, blue, red, yellow, patterned, striped, smooth, rough, soft, hard, rectangular, circular, vertical, horizontal, light, shadow.","Identify all visible objects, items, textures, colors, materials, and notable visual patterns in the given image. Output only a single-word, comma-separated list. Do not include explanations, sentences, or any extra text—just the detected elements."
/mnt/abka03/Projects/xl-vlms/data/train,cake,215582.jpg,"People, table, plates, food, drinks, glasses, clothing, hair, skin, outdoor, patio, metal, plastic, glass, fabric, brown, red, white, black, green, blue, patterned, textured, smooth, rough.","Identify all visible objects, items, textures, colors, materials, and notable visual patterns in the given image. Output only a single-word, comma-separated list. Do not include explanations, sentences, or any extra text—just the detected elements."
/mnt/abka03/Projects/xl-vlms/data/train,cake,558642.jpg,"Bowl, berries, strawberry, powdered sugar, spoon, cup, liquid, tablecloth, checkered, white, red, ceramic, glass, mint, food, dessert, breakfast, table, light, shadow, texture, pattern.","Identify all visible objects, items, textures, colors, materials, and notable visual patterns in the given image. Output only a single-word, comma-separated list. Do not include explanations, sentences, or any extra text—just the detected elements."
/mnt/abka03/Projects/xl-vlms/data/train,cake,257053.jpg,"Cake, toilet, stars, frosting, blue, white, brown, silver, textured, patterned, plastic, edible.","Identify all visible objects, items, textures, colors, materials, and notable visual patterns in the given image. Output only a single-word, comma-separated list. Do not include explanations, sentences, or any extra text—just the detected elements."
/mnt/abka03/Projects/xl-vlms/data/train,cake,273436.jpg,"Cake, candles, penguins, frosting, white, black, blue, pink, yellow, silver, dark, smooth, textured, cylindrical, round, patterned, lettering, plate, wicker, light.","Identify all visible objects, items, textures, colors, materials, and notable visual patterns in the given image. Output only a single-word, comma-separated list. Do not include explanations, sentences, or any extra text—just the detected elements."
/mnt/abka03/Projects/xl-vlms/data/train,cake,169500.jpg,"Woman, sweater, pants, bracelet, glasses, table, cup, saucer, pastry, fork, napkin, chair, wicker, red, white, brown, beige, plastic, glass, brick, pattern, texture, light, shadow.","Identify all visible objects, items, textures, colors, materials, and notable visual patterns in the given image. Output only a single-word, comma-separated list. Do not include explanations, sentences, or any extra text—just the detected elements."
/mnt/abka03/Projects/xl-vlms/data/train,cake,466456.jpg,"Bride, groom, wedding dress, suit, cake, flowers, tiara, white, black, purple, lace, satin, velvet, plastic, bokeh, lights, people, table, background, pattern, texture.","Identify all visible objects, items, textures, colors, materials, and notable visual patterns in the given image. Output only a single-word, comma-separated list. Do not include explanations, sentences, or any extra text—just the detected elements."
/mnt/abka03/Projects/xl-vlms/data/train,cake,514064.jpg,"cakes, strawberries, chocolate, frosting, sprinkles, flowers, foil, table, glass, water, crumbs, brown, white, red, pink, beige, textured, smooth, circular, oval, patterned.","Identify all visible objects, items, textures, colors, materials, and notable visual patterns in the given image. Output only a single-word, comma-separated list. Do not include explanations, sentences, or any extra text—just the detected elements."
/mnt/abka03/Projects/xl-vlms/data/train,cake,227869.jpg,"Man, woman, cake, knife, table, tablecloth, flowers, logo, suit, tie, dress, glasses, painting, frame, pedestal, wood, fabric, white, blue, pink, purple, gold, brown, striped, smooth, textured, floral, rectangular, oval, patterned.","Identify all visible objects, items, textures, colors, materials, and notable visual patterns in the given image. Output only a single-word, comma-separated list. Do not include explanations, sentences, or any extra text—just the detected elements."
/mnt/abka03/Projects/xl-vlms/data/train,cake,413245.jpg,"Hands, cupcake, frosting, dog, fur, black, brown, beige, shirt, pants, watch, metal, fabric, tiled, pattern.","Identify all visible objects, items, textures, colors, materials, and notable visual patterns in the given image. Output only a single-word, comma-separated list. Do not include explanations, sentences, or any extra text—just the detected elements."
/mnt/abka03/Projects/xl-vlms/data/train,cake,403975.jpg,"Baby, cake, blue, white, polka dots, plastic, glass, balloon, green, pink, white, tulle, wood, blue, fabric, pattern, texture, smooth, soft, shiny, matte.","Identify all visible objects, items, textures, colors, materials, and notable visual patterns in the given image. Output only a single-word, comma-separated list. Do not include explanations, sentences, or any extra text—just the detected elements."
/mnt/abka03/Projects/xl-vlms/data/train,cake,273497.jpg,"Cake, teddybear, dinosaur, number, flowers, frosting, fondant, yellow, white, pink, brown, green, purple, plastic, paper, keyboard, mouse, desk, pen, clip, phone, notepad, grid, pattern, smooth, textured, glossy, matte.","Identify all visible objects, items, textures, colors, materials, and notable visual patterns in the given image. Output only a single-word, comma-separated list. Do not include explanations, sentences, or any extra text—just the detected elements."
/mnt/abka03/Projects/xl-vlms/data/train,cake,67631.jpg,"Couple, wedding cake, knife, plates, glasses, flowers, candles, table, room, wall, curtains, suit, dress, flowers, lace, frosting, satin, wood, fabric, pattern, texture, black, white, grayscale.","Identify all visible objects, items, textures, colors, materials, and notable visual patterns in the given image. Output only a single-word, comma-separated list. Do not include explanations, sentences, or any extra text—just the detected elements."
/mnt/abka03/Projects/xl-vlms/data/train,cake,393251.jpg,"Man, boy, cake, candles, glasses, wine, plates, napkins, tablecloth, table, chairs, restaurant, people, food, white, blue, red, brown, gray, yellow, plastic, glass, fabric, wood, patterned, smooth, textured, round, rectangular, cylindrical, striped, polka-dotted.","Identify all visible objects, items, textures, colors, materials, and notable visual patterns in the given image. Output only a single-word, comma-separated list. Do not include explanations, sentences, or any extra text—just the detected elements."
/mnt/abka03/Projects/xl-vlms/data/train,dog,34321.jpg,"Dog, teddy bear, carpet, brown, beige, red, plush, soft, furry, paws, ears, eyes, bow.","Identify all visible objects, items, textures, colors, materials, and notable visual patterns in the given image. Output only a single-word, comma-separated list. Do not include explanations, sentences, or any extra text—just the detected elements."
/mnt/abka03/Projects/xl-vlms/data/train,dog,173071.jpg,"Coyote, feathers, fur, teeth, claws, brown, tan, white, feathers, soft, rough, animal, prey, dirt, sand, blurred.","Identify all visible objects, items, textures, colors, materials, and notable visual patterns in the given image. Output only a single-word, comma-separated list. Do not include explanations, sentences, or any extra text—just the detected elements."
/mnt/abka03/Projects/xl-vlms/data/train,dog,205866.jpg,"Beach, ocean, sand, person, dog, kayaks, paddles, water, sky, waves, horizon, boat, yellow, red, blue, brown, smooth, grainy, horizontal, diagonal, light, shadow.","Identify all visible objects, items, textures, colors, materials, and notable visual patterns in the given image. Output only a single-word, comma-separated list. Do not include explanations, sentences, or any extra text—just the detected elements."
/mnt/abka03/Projects/xl-vlms/data/train,dog,476173.jpg,"Cat, dog, bowl, food, tiles, wall, electrical outlet, floor, pattern, beige, brown, white, fur, ceramic, plastic.","Identify all visible objects, items, textures, colors, materials, and notable visual patterns in the given image. Output only a single-word, comma-separated list. Do not include explanations, sentences, or any extra text—just the detected elements."
/mnt/abka03/Projects/xl-vlms/data/train,dog,504341.jpg,"Dog, beach, sand, collar, red, blue, brown, tan, fur, waves, water, footprints, texture, pattern, light.","Identify all visible objects, items, textures, colors, materials, and notable visual patterns in the given image. Output only a single-word, comma-separated list. Do not include explanations, sentences, or any extra text—just the detected elements."
/mnt/abka03/Projects/xl-vlms/data/train,dog,133151.jpg,"Dog,grass,green,pink,black,white,brown,brick,bush,stone,plastic,fur,teeth,tongue,collar,pattern,texture,outdoor,sunny","Identify all visible objects, items, textures, colors, materials, and notable visual patterns in the given image. Output only a single-word, comma-separated list. Do not include explanations, sentences, or any extra text—just the detected elements."
/mnt/abka03/Projects/xl-vlms/data/train,dog,509497.jpg,"Path, trees, grass, fence, lamppost, people, dogs, umbrella, bench, stone, metal, wood, green, brown, gray, black, texture, pattern.","Identify all visible objects, items, textures, colors, materials, and notable visual patterns in the given image. Output only a single-word, comma-separated list. Do not include explanations, sentences, or any extra text—just the detected elements."
/mnt/abka03/Projects/xl-vlms/data/train,dog,314920.jpg,"Dogs,man,beach,sky,water,sand,red,black,white,brown,grass,waves,clouds,shadows,texture,pattern,horizontal,vertical,smooth,rough,matte,glossy.","Identify all visible objects, items, textures, colors, materials, and notable visual patterns in the given image. Output only a single-word, comma-separated list. Do not include explanations, sentences, or any extra text—just the detected elements."
/mnt/abka03/Projects/xl-vlms/data/train,dog,326698.jpg,"Truck, dog, grill, headlights, bumper, license plate, tires, ground, grass, metal, plastic, fur, white, black, silver, gray, rectangular, oval, patterned, smooth, rough, textured.","Identify all visible objects, items, textures, colors, materials, and notable visual patterns in the given image. Output only a single-word, comma-separated list. Do not include explanations, sentences, or any extra text—just the detected elements."
/mnt/abka03/Projects/xl-vlms/data/train,dog,59943.jpg,"Dog,ball,tree,grass,leaves,dirt,fence,brown,tan,white,red,black,wood,fabric,rough,smooth,patterned,shadow,ground,outdoor","Identify all visible objects, items, textures, colors, materials, and notable visual patterns in the given image. Output only a single-word, comma-separated list. Do not include explanations, sentences, or any extra text—just the detected elements."
/mnt/abka03/Projects/xl-vlms/data/train,dog,89109.jpg,"Dog, chair, blanket, wood, plaid, green, pink, brown, fur, eyes, nose, whiskers, texture, pattern, stripes, fringe.","Identify all visible objects, items, textures, colors, materials, and notable visual patterns in the given image. Output only a single-word, comma-separated list. Do not include explanations, sentences, or any extra text—just the detected elements."
/mnt/abka03/Projects/xl-vlms/data/train,dog,35894.jpg,"Dog, grass, fire hydrant, concrete, brick, trees, shadows, green, yellow, brown, black, gray, rough, smooth, lawn, sidewalk, pattern.","Identify all visible objects, items, textures, colors, materials, and notable visual patterns in the given image. Output only a single-word, comma-separated list. Do not include explanations, sentences, or any extra text—just the detected elements."
/mnt/abka03/Projects/xl-vlms/data/train,dog,460343.jpg,"Bicycle,woman,helmet,sunglasses,tanktop,pants,sandals,bike,trailer,dog,red,blue,gray,black,silver,mesh,fabric,metal,rubber,concrete,stone,water,trees,bushes,shadows,pattern,texture.","Identify all visible objects, items, textures, colors, materials, and notable visual patterns in the given image. Output only a single-word, comma-separated list. Do not include explanations, sentences, or any extra text—just the detected elements."
/mnt/abka03/Projects/xl-vlms/data/train,dog,205854.jpg,"Dog, teddy, brown, plush, red, blue, collar, eyes, nose, tongue, fur, soft, fabric, pattern, blurry, indoor.","Identify all visible objects, items, textures, colors, materials, and notable visual patterns in the given image. Output only a single-word, comma-separated list. Do not include explanations, sentences, or any extra text—just the detected elements."
/mnt/abka03/Projects/xl-vlms/data/train,dog,144944.jpg,"Dog, foot, boat, water, sky, buildings, boats, people, white, blue, brown, gray, tan, fabric, metal, stripes, shadows, sunlight, urban, coastal.","Identify all visible objects, items, textures, colors, materials, and notable visual patterns in the given image. Output only a single-word, comma-separated list. Do not include explanations, sentences, or any extra text—just the detected elements."
/mnt/abka03/Projects/xl-vlms/data/train,dog,537636.jpg,"Dog, teddybear, fur, brown, black, beige, carpet, pattern, dark, wood, fabric, soft, plush, eyes, nose, ears, paws.","Identify all visible objects, items, textures, colors, materials, and notable visual patterns in the given image. Output only a single-word, comma-separated list. Do not include explanations, sentences, or any extra text—just the detected elements."
/mnt/abka03/Projects/xl-vlms/data/train,dog,1589.jpg,"Dog, ice, snow, water, white, black, brown, blue, texture, pattern, reflection, cracks, smooth, cold.","Identify all visible objects, items, textures, colors, materials, and notable visual patterns in the given image. Output only a single-word, comma-separated list. Do not include explanations, sentences, or any extra text—just the detected elements."
/mnt/abka03/Projects/xl-vlms/data/train,dog,229419.jpg,"Cows,dog,grass,trees,fence,metal,wood,dirt,brown,white,black,green,texture,pattern,stripes,spots,shadows","Identify all visible objects, items, textures, colors, materials, and notable visual patterns in the given image. Output only a single-word, comma-separated list. Do not include explanations, sentences, or any extra text—just the detected elements."
/mnt/abka03/Projects/xl-vlms/data/train,dog,486421.jpg,"Horses,wagon,hay,people,trees,grass,road,sky,blue,brown,green,white,black,yellow,fabric,wood,metal,straw,pattern,texture,shadows,fence,dog,hat,dress,shirt,pants,scarf,sunlight.","Identify all visible objects, items, textures, colors, materials, and notable visual patterns in the given image. Output only a single-word, comma-separated list. Do not include explanations, sentences, or any extra text—just the detected elements."
/mnt/abka03/Projects/xl-vlms/data/train,dog,420914.jpg,"Dog, lawn, chair, grass, trees, night, shadow, metal, mesh, dark, grainy, monochrome, silhouette, foliage, outdoor.","Identify all visible objects, items, textures, colors, materials, and notable visual patterns in the given image. Output only a single-word, comma-separated list. Do not include explanations, sentences, or any extra text—just the detected elements."
/mnt/abka03/Projects/xl-vlms/data/train,dog,521747.jpg,"Pug, hat, skull, crossbones, black, gold, fabric, fur, brown, beige, patterned, soft, eyes, nose, tongue, carpet, stripes.","Identify all visible objects, items, textures, colors, materials, and notable visual patterns in the given image. Output only a single-word, comma-separated list. Do not include explanations, sentences, or any extra text—just the detected elements."
/mnt/abka03/Projects/xl-vlms/data/train,dog,88117.jpg,"Bed, pillow, blanket, dog, nightstand, drawer, lamp, wood, fabric, floral, checkered, brown, white, blue, yellow, patterned, soft, hard.","Identify all visible objects, items, textures, colors, materials, and notable visual patterns in the given image. Output only a single-word, comma-separated list. Do not include explanations, sentences, or any extra text—just the detected elements."
/mnt/abka03/Projects/xl-vlms/data/train,dog,250897.jpg,"Dog, goats, grass, fence, trees, green, brown, white, wood, metal, fur, foliage, pattern, dirt, sunlight.","Identify all visible objects, items, textures, colors, materials, and notable visual patterns in the given image. Output only a single-word, comma-separated list. Do not include explanations, sentences, or any extra text—just the detected elements."
/mnt/abka03/Projects/xl-vlms/data/train,dog,131087.jpg,"Dog, surfboard, water, sand, dunes, sky, blue, brown, white, smooth, wavy, horizontal, gradient.","Identify all visible objects, items, textures, colors, materials, and notable visual patterns in the given image. Output only a single-word, comma-separated list. Do not include explanations, sentences, or any extra text—just the detected elements."
/mnt/abka03/Projects/xl-vlms/data/train,dog,519728.jpg,"Horse, dog, grass, trees, sky, fence, dirt, black, white, brown, green, blue, wood, fur, mane, tail, hooves, paws, field, landscape, pattern, texture.","Identify all visible objects, items, textures, colors, materials, and notable visual patterns in the given image. Output only a single-word, comma-separated list. Do not include explanations, sentences, or any extra text—just the detected elements."
/mnt/abka03/Projects/xl-vlms/data/train,dog,397325.jpg,"Horses,sheep,man,hat,saddlebags,rope,fence,trees,dirt,grass,brown,white,black,gray,red,blue,leather,wool,metal,wood,pattern,texture.","Identify all visible objects, items, textures, colors, materials, and notable visual patterns in the given image. Output only a single-word, comma-separated list. Do not include explanations, sentences, or any extra text—just the detected elements."
/mnt/abka03/Projects/xl-vlms/data/train,dog,276516.jpg,"Bed, dog, pillows, quilt, sheets, nightstand, lamp, books, rug, wood, fabric, yellow, blue, white, brown, patterned, checkered, floral, smooth, soft, hard.","Identify all visible objects, items, textures, colors, materials, and notable visual patterns in the given image. Output only a single-word, comma-separated list. Do not include explanations, sentences, or any extra text—just the detected elements."
/mnt/abka03/Projects/xl-vlms/data/train,dog,576513.jpg,"Horse, dog, grass, trees, sky, road, fence, wire, fur, brown, white, black, gray, green, blue, metal, wood, pattern, horizontal, vertical, texture.","Identify all visible objects, items, textures, colors, materials, and notable visual patterns in the given image. Output only a single-word, comma-separated list. Do not include explanations, sentences, or any extra text—just the detected elements."
/mnt/abka03/Projects/xl-vlms/data/train,dog,413245.jpg,"Hands, cupcake, frosting, dog, fur, black, brown, beige, shirt, pants, watch, metal, fabric, tiled, pattern.","Identify all visible objects, items, textures, colors, materials, and notable visual patterns in the given image. Output only a single-word, comma-separated list. Do not include explanations, sentences, or any extra text—just the detected elements."
/mnt/abka03/Projects/xl-vlms/data/train,dog,321057.jpg,"Dog,window,brick,white,brown,blue,metal,texture,pattern,shadow,light","Identify all visible objects, items, textures, colors, materials, and notable visual patterns in the given image. Output only a single-word, comma-separated list. Do not include explanations, sentences, or any extra text—just the detected elements."
/mnt/abka03/Projects/xl-vlms/data/train,banana,321140.jpg,"Banana, hand, nails, yellow, plastic, bottle, liquid, fabric, plush, cartoon, bowl, paper, pattern, pen, shoe, suede, leopard, texture, smooth, soft, shiny, matte, glossy, patterned, solid, yellow, black, white, brown.","Identify all visible objects, items, textures, colors, materials, and notable visual patterns in the given image. Output only a single-word, comma-separated list. Do not include explanations, sentences, or any extra text—just the detected elements."
/mnt/abka03/Projects/xl-vlms/data/train,banana,559682.jpg,"Nutella, jar, spoon, banana, lemon, sugar, white, brown, yellow, glass, plastic, smooth, textured, glossy, matte, curved, cylindrical, rectangular, label, food.","Identify all visible objects, items, textures, colors, materials, and notable visual patterns in the given image. Output only a single-word, comma-separated list. Do not include explanations, sentences, or any extra text—just the detected elements."
/mnt/abka03/Projects/xl-vlms/data/train,banana,140866.jpg,"Bowl, sugar, baking pan, bananas, orange, chocolate, eggs, butter, flour, plate, fabric, checkered, brown, white, yellow, orange, dark brown, smooth, granular, solid, patterned.","Identify all visible objects, items, textures, colors, materials, and notable visual patterns in the given image. Output only a single-word, comma-separated list. Do not include explanations, sentences, or any extra text—just the detected elements."
/mnt/abka03/Projects/xl-vlms/data/train,banana,392850.jpg,"Oranges, apples, banana, lemons, plums, ginger, cutting board, knife, peeler, red, wooden, plastic, smooth, textured, round, oval, oblong, vibrant, muted, horizontal, diagonal, scattered, grouped, translucent, opaque.","Identify all visible objects, items, textures, colors, materials, and notable visual patterns in the given image. Output only a single-word, comma-separated list. Do not include explanations, sentences, or any extra text—just the detected elements."
/mnt/abka03/Projects/xl-vlms/data/train,banana,371739.jpg,"Monkey, banana, bench, brick, grass, bush, table, fabric, plastic, wood, yellow, brown, beige, green, black, gray, patterned, smooth, rough, soft, hard.","Identify all visible objects, items, textures, colors, materials, and notable visual patterns in the given image. Output only a single-word, comma-separated list. Do not include explanations, sentences, or any extra text—just the detected elements."
/mnt/abka03/Projects/xl-vlms/data/train,banana,436354.jpg,"Bananas, tomatoes, carrots, cucumber, lettuce, plastic, wood, smooth, bumpy, green, yellow, red, brown, transparent, patterned, leafy, cylindrical, oval, rectangular, table, produce.","Identify all visible objects, items, textures, colors, materials, and notable visual patterns in the given image. Output only a single-word, comma-separated list. Do not include explanations, sentences, or any extra text—just the detected elements."
/mnt/abka03/Projects/xl-vlms/data/train,banana,124033.jpg,"Banana, flower, bract, green, purple, yellow, leaf, stem, texture, pattern, organic, plant, foliage, sky, blurred.","Identify all visible objects, items, textures, colors, materials, and notable visual patterns in the given image. Output only a single-word, comma-separated list. Do not include explanations, sentences, or any extra text—just the detected elements."
/mnt/abka03/Projects/xl-vlms/data/train,banana,290370.jpg,"Woman, bananas, people, dogs, grass, trees, building, sky, sunlight, black, yellow, green, brown, blue, patterned, smooth, furry, tiled, wooden, leafy, blurry, outdoor.","Identify all visible objects, items, textures, colors, materials, and notable visual patterns in the given image. Output only a single-word, comma-separated list. Do not include explanations, sentences, or any extra text—just the detected elements."
/mnt/abka03/Projects/xl-vlms/data/train,banana,369259.jpg,"Woman, kitchen, countertop, sink, faucet, stainless steel, refrigerator, cabinets, wood, granite, Cheerios, cereal box, bowl, fruit, bananas, apples, oranges, flowers, vase, glasses, bottles, utensils, window, books, light fixtures, blue, red, green, brown, white, black, silver, glass, plastic, ceramic, metal, pattern, texture.","Identify all visible objects, items, textures, colors, materials, and notable visual patterns in the given image. Output only a single-word, comma-separated list. Do not include explanations, sentences, or any extra text—just the detected elements."
/mnt/abka03/Projects/xl-vlms/data/train,banana,415880.jpg,"Truck, bananas, man, hat, shirt, pants, wheels, forest, trees, grass, dirt, canopy, fabric, wood, foliage, pattern, texture, monochrome, black, white.","Identify all visible objects, items, textures, colors, materials, and notable visual patterns in the given image. Output only a single-word, comma-separated list. Do not include explanations, sentences, or any extra text—just the detected elements."
/mnt/abka03/Projects/xl-vlms/data/train,banana,181771.jpg,"Kitchen,cabinets,countertop,sink,faucet,stove,microwave,refrigerator,table,chairs,rug,floor,wall,window,curtains,bowl,plates,books,trashcan,door,painting,pattern,wood,metal,plastic,ceramic,fabric,purple,brown,yellow,orange,green,blue,white,black,shadows,sunlight,floral,geometric.","Identify all visible objects, items, textures, colors, materials, and notable visual patterns in the given image. Output only a single-word, comma-separated list. Do not include explanations, sentences, or any extra text—just the detected elements."
/mnt/abka03/Projects/xl-vlms/data/train,banana,211085.jpg,"Banana, leaves, plant, fruit, brown, green, yellow, texture, pattern, organic, foliage, stem, natural, jungle, tropical.","Identify all visible objects, items, textures, colors, materials, and notable visual patterns in the given image. Output only a single-word, comma-separated list. Do not include explanations, sentences, or any extra text—just the detected elements."
/mnt/abka03/Projects/xl-vlms/data/train,banana,501307.jpg,"Bananas, bunch, green, smooth, yellow, fruit, curved, organic, pile, texture.","Identify all visible objects, items, textures, colors, materials, and notable visual patterns in the given image. Output only a single-word, comma-separated list. Do not include explanations, sentences, or any extra text—just the detected elements."
/mnt/abka03/Projects/xl-vlms/data/train,banana,234614.jpg,"Oranges, bananas, scallions, peppers, plastic, mesh, silver, smooth, bumpy, yellow, green, orange, red, white, patterned, basket, food.","Identify all visible objects, items, textures, colors, materials, and notable visual patterns in the given image. Output only a single-word, comma-separated list. Do not include explanations, sentences, or any extra text—just the detected elements."
/mnt/abka03/Projects/xl-vlms/data/train,banana,518807.jpg,"Grapes, apple, bananas, basket, green, yellow, smooth, bumpy, organic, curved, round, bunch, fruit, food, still life, natural, light, shadow.","Identify all visible objects, items, textures, colors, materials, and notable visual patterns in the given image. Output only a single-word, comma-separated list. Do not include explanations, sentences, or any extra text—just the detected elements."
/mnt/abka03/Projects/xl-vlms/data/train,banana,435279.jpg,"Bananas, bunches, green, yellow, red, plastic, rope, metal, stall, market, fruit, texture, pattern, hanging, curved, smooth, shiny, organic, commercial.","Identify all visible objects, items, textures, colors, materials, and notable visual patterns in the given image. Output only a single-word, comma-separated list. Do not include explanations, sentences, or any extra text—just the detected elements."
/mnt/abka03/Projects/xl-vlms/data/train,banana,332311.jpg,"Man, bananas, tanktop, necklace, watch, fruit, green, yellow, brown, plastic, metal, texture, pattern, display, stall, background, light, shadow.","Identify all visible objects, items, textures, colors, materials, and notable visual patterns in the given image. Output only a single-word, comma-separated list. Do not include explanations, sentences, or any extra text—just the detected elements."
/mnt/abka03/Projects/xl-vlms/data/train,banana,107167.jpg,"Blender, appliance, glass, plastic, metal, white, silver, beige, tiles, pattern, fruit, liquid, cord, countertop, wall, ceramic, floral, checkered.","Identify all visible objects, items, textures, colors, materials, and notable visual patterns in the given image. Output only a single-word, comma-separated list. Do not include explanations, sentences, or any extra text—just the detected elements."
/mnt/abka03/Projects/xl-vlms/data/train,banana,50204.jpg,"Bananas, truck, people, clothing, sky, clouds, trees, metal, fabric, green, brown, blue, gray, pattern, texture.","Identify all visible objects, items, textures, colors, materials, and notable visual patterns in the given image. Output only a single-word, comma-separated list. Do not include explanations, sentences, or any extra text—just the detected elements."
/mnt/abka03/Projects/xl-vlms/data/train,banana,302634.jpg,"Bananas, bunches, yellow, green, brown, plastic, tags, signs, stall, market, fruit, curved, smooth, textured, organic, repetition, vertical, horizontal, shadows, light.","Identify all visible objects, items, textures, colors, materials, and notable visual patterns in the given image. Output only a single-word, comma-separated list. Do not include explanations, sentences, or any extra text—just the detected elements."
/mnt/abka03/Projects/xl-vlms/data/train,banana,467037.jpg,"Bananas, apple, curry powder, plate, food, yellow, green, brown, white, plastic, smooth, textured, curved, round, cylindrical, powdery, speckled.","Identify all visible objects, items, textures, colors, materials, and notable visual patterns in the given image. Output only a single-word, comma-separated list. Do not include explanations, sentences, or any extra text—just the detected elements."
/mnt/abka03/Projects/xl-vlms/data/train,banana,46085.jpg,"Snowflake, toys, box, plastic, wood, blue, red, yellow, white, brown, green, patterned, grid, numbers, letters, window, glass, metal, door, handle, texture.","Identify all visible objects, items, textures, colors, materials, and notable visual patterns in the given image. Output only a single-word, comma-separated list. Do not include explanations, sentences, or any extra text—just the detected elements."
/mnt/abka03/Projects/xl-vlms/data/train,banana,90724.jpg,"Shoppingcart, tomatoes, broccoli, bananas, oranges, lemons, parsley, onions, plastic, metal, grocery, aisle, shelves, blurred, horizontal, vertical, round, bumpy, smooth, green, yellow, orange, red, brown, white, patterned.","Identify all visible objects, items, textures, colors, materials, and notable visual patterns in the given image. Output only a single-word, comma-separated list. Do not include explanations, sentences, or any extra text—just the detected elements."
/mnt/abka03/Projects/xl-vlms/data/train,banana,4749.jpg,"Bowl, bananas, green, yellow, brown, plastic, smooth, curved, shadows, light, dark, speckled.","Identify all visible objects, items, textures, colors, materials, and notable visual patterns in the given image. Output only a single-word, comma-separated list. Do not include explanations, sentences, or any extra text—just the detected elements."
/mnt/abka03/Projects/xl-vlms/data/train,banana,578594.jpg,"Pancake, icecream, banana, sauce, mint, white, yellow, brown, green, creamy, smooth, textured, circular, curved, glossy, matte.","Identify all visible objects, items, textures, colors, materials, and notable visual patterns in the given image. Output only a single-word, comma-separated list. Do not include explanations, sentences, or any extra text—just the detected elements."
/mnt/abka03/Projects/xl-vlms/data/train,banana,324203.jpg,"Hotdogs, sausages, buns, meat, beans, bananas, plates, bowls, table, marble, plastic, blurry, food, white, brown, yellow, beige, patterned.","Identify all visible objects, items, textures, colors, materials, and notable visual patterns in the given image. Output only a single-word, comma-separated list. Do not include explanations, sentences, or any extra text—just the detected elements."
/mnt/abka03/Projects/xl-vlms/data/train,banana,414258.jpg,"Banana, hand, road, buildings, trees, sky, pavement, yellow, green, brown, concrete, asphalt, skin, flesh, texture, pattern, blur, outdoor.","Identify all visible objects, items, textures, colors, materials, and notable visual patterns in the given image. Output only a single-word, comma-separated list. Do not include explanations, sentences, or any extra text—just the detected elements."
/mnt/abka03/Projects/xl-vlms/data/train,banana,187914.jpg,"Bananas, bicycles, people, buildings, trees, sky, pavement, clothing, hats, bags, plants, signs, awnings, metal, wood, fabric, green, yellow, white, blue, gray, brown, texture, pattern.","Identify all visible objects, items, textures, colors, materials, and notable visual patterns in the given image. Output only a single-word, comma-separated list. Do not include explanations, sentences, or any extra text—just the detected elements."
/mnt/abka03/Projects/xl-vlms/data/train,banana,548936.jpg,"Girl, phone, jeans, t-shirt, plastic, fruit, oranges, bananas, vegetables, basket, plastic bags, blue, white, gray, concrete, fabric, pattern, texture, light, shadow.","Identify all visible objects, items, textures, colors, materials, and notable visual patterns in the given image. Output only a single-word, comma-separated list. Do not include explanations, sentences, or any extra text—just the detected elements."
/mnt/abka03/Projects/xl-vlms/data/train,banana,64602.jpg,"People, bananas, plants, net, structure, clothing, sunglasses, hat, shoes, ground, trees, sky, blue, green, white, gray, brown, yellow, denim, fabric, plastic, wood, metal, pattern, stripes, leaves, bunch, stem, bag.","Identify all visible objects, items, textures, colors, materials, and notable visual patterns in the given image. Output only a single-word, comma-separated list. Do not include explanations, sentences, or any extra text—just the detected elements."
/mnt/abka03/Projects/xl-vlms/data/train,apple,403459.jpg,"Sofa, fireplace, television, chairs, table, curtains, windows, rug, artwork, lamp, vase, glass, wood, white, gray, silver, beige, texture, pattern, round, rectangular, linear, horizontal, vertical, smooth, glossy, matte.","Identify all visible objects, items, textures, colors, materials, and notable visual patterns in the given image. Output only a single-word, comma-separated list. Do not include explanations, sentences, or any extra text—just the detected elements."
/mnt/abka03/Projects/xl-vlms/data/train,apple,454258.jpg,"Bowl, oranges, apples, plastic, smooth, textured, orange, red, yellow, brown, checkered, tile, wooden, patterned.","Identify all visible objects, items, textures, colors, materials, and notable visual patterns in the given image. Output only a single-word, comma-separated list. Do not include explanations, sentences, or any extra text—just the detected elements."
/mnt/abka03/Projects/xl-vlms/data/train,apple,576030.jpg,"Kitchen,cabinets,countertops,sink,faucet,stove,oven,microwave,appliances,backsplash,tiles,ceiling,fan,light,walls,door,rug,floor,wood,ceramic,metal,plastic,pattern,beige,brown,white,black,green,pink,gray,texture,smooth,glossy,matte.","Identify all visible objects, items, textures, colors, materials, and notable visual patterns in the given image. Output only a single-word, comma-separated list. Do not include explanations, sentences, or any extra text—just the detected elements."
/mnt/abka03/Projects/xl-vlms/data/train,apple,104568.jpg,"Apples, oranges, grapefruit, persimmons, cabbage, kale, avocado, sweet potatoes, stove, metal, plastic, smooth, rough, patterned, round, oval, oblong, vibrant, muted, glossy, matte, organic, artificial.","Identify all visible objects, items, textures, colors, materials, and notable visual patterns in the given image. Output only a single-word, comma-separated list. Do not include explanations, sentences, or any extra text—just the detected elements."
/mnt/abka03/Projects/xl-vlms/data/train,apple,66628.jpg,"Apples, cheese, pate, plate, wood, patterned, smooth, rough, yellow, white, brown, ceramic, food, slices, wedges.","Identify all visible objects, items, textures, colors, materials, and notable visual patterns in the given image. Output only a single-word, comma-separated list. Do not include explanations, sentences, or any extra text—just the detected elements."
/mnt/abka03/Projects/xl-vlms/data/train,apple,392850.jpg,"Oranges, apples, banana, lemons, plums, ginger, cutting board, knife, peeler, red, wooden, plastic, smooth, textured, round, oval, oblong, vibrant, muted, horizontal, diagonal, scattered, grouped, translucent, opaque.","Identify all visible objects, items, textures, colors, materials, and notable visual patterns in the given image. Output only a single-word, comma-separated list. Do not include explanations, sentences, or any extra text—just the detected elements."
/mnt/abka03/Projects/xl-vlms/data/train,apple,417834.jpg,"Man, armchair, sofa, coffee table, wine glasses, wine, fruit, coasters, guitar, radiator, window, rug, artwork, wooden floor, fabric, leather, plastic, glass, brown, beige, gray, white, black, patterned, smooth, textured, horizontal, vertical, circular, rectangular.","Identify all visible objects, items, textures, colors, materials, and notable visual patterns in the given image. Output only a single-word, comma-separated list. Do not include explanations, sentences, or any extra text—just the detected elements."
/mnt/abka03/Projects/xl-vlms/data/train,apple,168488.jpg,"Path, tower, people, umbrella, horse, statue, table, heart, cloth, grass, sky, fog, gray, white, brown, red, plastic, stone, fabric, smooth, rough, blurry, horizontal, vertical, symmetrical.","Identify all visible objects, items, textures, colors, materials, and notable visual patterns in the given image. Output only a single-word, comma-separated list. Do not include explanations, sentences, or any extra text—just the detected elements."
/mnt/abka03/Projects/xl-vlms/data/train,apple,147618.jpg,"Fruits,pineapple,bananas,oranges,apples,pears,grapes,limes,peaches,textures,smooth,rough,shiny,matte,yellow,orange,green,red,brown,patterns,grid,mosaic.","Identify all visible objects, items, textures, colors, materials, and notable visual patterns in the given image. Output only a single-word, comma-separated list. Do not include explanations, sentences, or any extra text—just the detected elements."
/mnt/abka03/Projects/xl-vlms/data/train,apple,369259.jpg,"Woman, kitchen, countertop, sink, faucet, stainless steel, refrigerator, cabinets, wood, granite, Cheerios, cereal box, bowl, fruit, bananas, apples, oranges, flowers, vase, glasses, bottles, utensils, window, books, light fixtures, blue, red, green, brown, white, black, silver, glass, plastic, ceramic, metal, pattern, texture.","Identify all visible objects, items, textures, colors, materials, and notable visual patterns in the given image. Output only a single-word, comma-separated list. Do not include explanations, sentences, or any extra text—just the detected elements."
/mnt/abka03/Projects/xl-vlms/data/train,apple,670.jpg,"Oranges, apples, boxes, cardboard, fruit, brown, orange, red, green, white, texture, pattern, rows, display, produce, supermarket, grocery.","Identify all visible objects, items, textures, colors, materials, and notable visual patterns in the given image. Output only a single-word, comma-separated list. Do not include explanations, sentences, or any extra text—just the detected elements."
/mnt/abka03/Projects/xl-vlms/data/train,apple,29342.jpg,"Coffee maker, grinder, can, countertop, cabinets, handles, glass, flowers, blue, white, silver, stainless steel, granite, plastic, ceramic, metal, patterned, smooth, shiny, textured, rectangular, curved, circular, floral, grid.","Identify all visible objects, items, textures, colors, materials, and notable visual patterns in the given image. Output only a single-word, comma-separated list. Do not include explanations, sentences, or any extra text—just the detected elements."
/mnt/abka03/Projects/xl-vlms/data/train,apple,315521.jpg,"Apples,plastic,green,red,white,fruit,bags,texture,pattern,glossy,round,bulky,stacked,uniform,label,SKHII,delicious,Wisconsin,netweight","Identify all visible objects, items, textures, colors, materials, and notable visual patterns in the given image. Output only a single-word, comma-separated list. Do not include explanations, sentences, or any extra text—just the detected elements."
/mnt/abka03/Projects/xl-vlms/data/train,apple,510063.jpg,"Woman, man, kitchen, sink, stove, cabinets, refrigerator, microwave, television, table, chairs, sofa, cushions, curtains, window, door, fruit, magazine, gray, brown, white, black, silver, plastic, fabric, wood, metal, striped, smooth, textured, patterned.","Identify all visible objects, items, textures, colors, materials, and notable visual patterns in the given image. Output only a single-word, comma-separated list. Do not include explanations, sentences, or any extra text—just the detected elements."
/mnt/abka03/Projects/xl-vlms/data/train,apple,518807.jpg,"Grapes, apple, bananas, basket, green, yellow, smooth, bumpy, organic, curved, round, bunch, fruit, food, still life, natural, light, shadow.","Identify all visible objects, items, textures, colors, materials, and notable visual patterns in the given image. Output only a single-word, comma-separated list. Do not include explanations, sentences, or any extra text—just the detected elements."
/mnt/abka03/Projects/xl-vlms/data/train,apple,107167.jpg,"Blender, appliance, glass, plastic, metal, white, silver, beige, tiles, pattern, fruit, liquid, cord, countertop, wall, ceramic, floral, checkered.","Identify all visible objects, items, textures, colors, materials, and notable visual patterns in the given image. Output only a single-word, comma-separated list. Do not include explanations, sentences, or any extra text—just the detected elements."
/mnt/abka03/Projects/xl-vlms/data/train,apple,367630.jpg,"Bunkbeds, pillows, blankets, sheets, pajamas, shorts, shirt, book, oranges, camera, clothes, wood, fabric, stripes, shadows, light, white, gray, blue, red, brown, patterned, smooth, rough, soft, hard.","Identify all visible objects, items, textures, colors, materials, and notable visual patterns in the given image. Output only a single-word, comma-separated list. Do not include explanations, sentences, or any extra text—just the detected elements."
/mnt/abka03/Projects/xl-vlms/data/train,apple,307734.jpg,"Apple, plate, floral, white, red, yellow, blue, green, brown, smooth, textured, ceramic, fruit, shadow, pattern.","Identify all visible objects, items, textures, colors, materials, and notable visual patterns in the given image. Output only a single-word, comma-separated list. Do not include explanations, sentences, or any extra text—just the detected elements."
/mnt/abka03/Projects/xl-vlms/data/train,apple,467037.jpg,"Bananas, apple, curry powder, plate, food, yellow, green, brown, white, plastic, smooth, textured, curved, round, cylindrical, powdery, speckled.","Identify all visible objects, items, textures, colors, materials, and notable visual patterns in the given image. Output only a single-word, comma-separated list. Do not include explanations, sentences, or any extra text—just the detected elements."
/mnt/abka03/Projects/xl-vlms/data/train,apple,46085.jpg,"Snowflake, toys, box, plastic, wood, blue, red, yellow, white, brown, green, patterned, grid, numbers, letters, window, glass, metal, door, handle, texture.","Identify all visible objects, items, textures, colors, materials, and notable visual patterns in the given image. Output only a single-word, comma-separated list. Do not include explanations, sentences, or any extra text—just the detected elements."
/mnt/abka03/Projects/xl-vlms/data/train,apple,315411.jpg,"Man, bowl, fruit, spoons, table, plate, glasses, curtains, wood, paper, pattern, purple, red, white, brown, beige, glass, plastic, fabric, smooth, rough, shiny, matte.","Identify all visible objects, items, textures, colors, materials, and notable visual patterns in the given image. Output only a single-word, comma-separated list. Do not include explanations, sentences, or any extra text—just the detected elements."
/mnt/abka03/Projects/xl-vlms/data/train,apple,90724.jpg,"Shoppingcart, tomatoes, broccoli, bananas, oranges, lemons, parsley, onions, plastic, metal, grocery, aisle, shelves, blurred, horizontal, vertical, round, bumpy, smooth, green, yellow, orange, red, brown, white, patterned.","Identify all visible objects, items, textures, colors, materials, and notable visual patterns in the given image. Output only a single-word, comma-separated list. Do not include explanations, sentences, or any extra text—just the detected elements."
/mnt/abka03/Projects/xl-vlms/data/train,apple,407566.jpg,"Kitchen,island,countertop,cabinets,sink,faucet,stove,oven,window,blinds,tile,wood,sofa,chairs,table,lamp,wall,ceiling,floor,clock,door,mirror,plants,pattern,texture,beige,black,gray,white,brown,silver,woodgrain,smooth,glossy,matte.","Identify all visible objects, items, textures, colors, materials, and notable visual patterns in the given image. Output only a single-word, comma-separated list. Do not include explanations, sentences, or any extra text—just the detected elements."
/mnt/abka03/Projects/xl-vlms/data/train,apple,269477.jpg,"Bananas, apple, knife, wood, sticker, red, yellow, brown, smooth, textured, curved, oval, circular, patterned.","Identify all visible objects, items, textures, colors, materials, and notable visual patterns in the given image. Output only a single-word, comma-separated list. Do not include explanations, sentences, or any extra text—just the detected elements."
/mnt/abka03/Projects/xl-vlms/data/train,apple,295049.jpg,"Envelopes, box, fruit, apple, cherry, grape, orange, strawberry, green, red, purple, yellow, brown, white, plastic, glossy, smooth, patterned, text, logo, barcode.","Identify all visible objects, items, textures, colors, materials, and notable visual patterns in the given image. Output only a single-word, comma-separated list. Do not include explanations, sentences, or any extra text—just the detected elements."
/mnt/abka03/Projects/xl-vlms/data/train,apple,461475.jpg,"Hand, apple, arm, spots, brown, black, skin, wood, dark, blurry, people, yellow, blue, gray, textured, organic, smooth, rough.","Identify all visible objects, items, textures, colors, materials, and notable visual patterns in the given image. Output only a single-word, comma-separated list. Do not include explanations, sentences, or any extra text—just the detected elements."
/mnt/abka03/Projects/xl-vlms/data/train,apple,39080.jpg,"Woman, table, chairs, tablecloth, plates, bowls, cups, glasses, juice, fruit, pitcher, napkins, mountains, trees, grass, dirt, fabric, wood, ceramic, glass, plastic, red, white, green, brown, orange, yellow, blue, patterned, striped, smooth, rough, natural, outdoor, daylight.","Identify all visible objects, items, textures, colors, materials, and notable visual patterns in the given image. Output only a single-word, comma-separated list. Do not include explanations, sentences, or any extra text—just the detected elements."
/mnt/abka03/Projects/xl-vlms/data/train,apple,512007.jpg,"Television, cabinet, sink, refrigerator, table, bag, picture, door, wall, tile, wood, plastic, white, beige, brown, orange, blue, black, patterned, smooth, textured, rectangular, circular, horizontal, vertical.","Identify all visible objects, items, textures, colors, materials, and notable visual patterns in the given image. Output only a single-word, comma-separated list. Do not include explanations, sentences, or any extra text—just the detected elements."
/mnt/abka03/Projects/xl-vlms/data/train,apple,272899.jpg,"Boy, crows, boat, net, sand, fishing, basket, fruit, yellow, blue, green, brown, white, texture, pattern, horizontal, vertical, diagonal.","Identify all visible objects, items, textures, colors, materials, and notable visual patterns in the given image. Output only a single-word, comma-separated list. Do not include explanations, sentences, or any extra text—just the detected elements."
/mnt/abka03/Projects/xl-vlms/data/train,apple,579201.jpg,"Apple, knife, laptop, wood, red, yellow, silver, smooth, textured, glossy, matte, pattern, shine, cut.","Identify all visible objects, items, textures, colors, materials, and notable visual patterns in the given image. Output only a single-word, comma-separated list. Do not include explanations, sentences, or any extra text—just the detected elements."
